"Name","club","name","transfer_fee","Position","league","detailed_position","Squad","AVGage","Foreigners","TotalPlayerValue","League.x","Pos","GP","W","D","L","GR","GD","Points","Age","Overall.rating","Potential","ID","Height","Weight","foot","Best.overall","Best.position","Growth","Joined","Loan.date.end","Value","Wage","Release.clause","Total.attacking","Crossing","Finishing","Heading.accuracy","Short.passing","Volleys","Total.skill","Dribbling","Curve","FK.Accuracy","Long.passing","Ball.control","Total.movement","Acceleration","Sprint.speed","Agility","Reactions","Balance","Total.power","Shot.power","Jumping","Stamina","Strength","Long.shots","Total.mentality","Aggression","Interceptions","Positioning","Vision","Penalties","Composure","Total.defending","Marking","Standing.tackle","Sliding.tackle","Total.goalkeeping","GK.Diving","GK.Handling","GK.Kicking","GK.Positioning","GK.Reflexes","Total.stats","Base.stats","Weak.foot","Skill.moves","Attacking.work.rate","Defensive.work.rate","International.reputation","Body.type","Pace...Diving","Shooting...Handling","Passing...Kicking","Dribbling...Reflexes","Defending...Pace","Physical...Positioning","Years.Left","Club"
"A. Ajeti","West Ham United","A. Ajeti","€11.30m","Forward","Premier League","Centre-Forward",37,26.6,23,"€359.00m","Premier League",10,38,15,7,16,"52:55",-3,52,21,74,79,222352,183,78,"Right",73,"ST",5,"Oct 2, 2017","N/A",7500000,20000,11800000,338,59,77,71,61,70,286,69,59,33,55,70,361,76,81,70,67,67,378,75,89,74,82,58,272,62,16,74,64,56,80,74,38,19,17,56,13,9,6,12,16,1765,383,4,3,"High","Medium",1,"Normal (170-185)",79,71,59,69,29,76,3,"Basel
"
"A. Cerri","Cagliari Calcio","A. Cerri","€9.00m","Forward","Serie A","Centre-Forward",49,25.9,18,"€155.38m","Serie A",15,38,10,11,17,"36:54",-18,41,22,72,80,213829,194,91,"Right",71,"ST",8,"Feb 19, 2019","N/A",4600000,20000,8800000,323,40,75,75,65,68,284,68,64,34,45,73,309,54,69,60,60,66,378,75,73,68,94,68,246,42,13,70,57,64,68,115,51,34,30,51,6,13,8,10,14,1706,371,3,3,"Medium","Medium",1,"Normal (185+)",62,72,54,68,39,76,4,"Cagliari
"
"A. Diawara","AS Roma","A. Diawara","€21.00m","Midfield","Serie A","Defensive Midfield",57,23.7,27,"€459.05m","Serie A",6,38,18,12,8,"66:48",18,66,20,76,84,230613,184,74,"Right",76,"CDM",8,"Aug 29, 2016","N/A",11500000,40000,21900000,297,64,48,59,80,46,331,76,62,37,76,80,356,68,68,78,73,69,328,66,58,78,70,56,338,80,74,54,78,52,75,219,73,74,72,52,11,14,5,11,11,1921,417,3,3,"Medium","High",2,"Lean (170-185)",68,54,73,77,72,73,2,"Napoli
"
"A. Duncan","ACF Fiorentina","A. Duncan","Loan fee:","Midfield","Serie A","Central Midfield",56,22.9,36,"€315.33m","Serie A",16,38,8,17,13,"47:45",2,41,25,75,78,208535,178,78,"Left",77,"CDM",3,"Jun 30, 2016","N/A",8e+06,40000,14200000,328,73,50,68,79,58,333,71,64,50,74,74,368,77,71,73,77,70,387,83,78,80,68,78,344,86,79,68,67,44,76,226,73,79,74,39,9,8,8,6,8,2025,432,3,3,"Medium","High",2,"Stocky (170-185)",74,63,72,72,76,75,3,"Sassuolo
"
"A. Flint","Cardiff City","A. Flint","€4.45m","Defence","Championship","Centre-Back",35,27.3,20,"€113.00m","Premier League",18,38,10,4,24,"34:69",-35,34,28,74,74,202408,197,83,"Right",73,"CB",0,"Jun 27, 2018","N/A",4600000,40000,8700000,253,21,55,82,57,38,190,33,24,25,51,57,228,47,51,31,72,27,322,63,74,69,90,26,282,79,71,52,42,38,60,217,74,70,73,52,13,10,8,10,11,1544,338,3,2,"Medium","Medium",1,"Lean (185+)",49,49,43,42,73,82,3,"Middlesbrough
"
"A. Gomes","Everton","A. Gomes","€25.00m","Midfield","Premier League","Central Midfield",40,26,28,"€529.10m","Premier League",8,38,15,9,14,"54:46",8,54,24,80,83,211575,188,84,"Right",78,"CM",3,"Jul 21, 2016","Jun 30, 2019",18500000,90000,0,340,61,65,69,82,63,388,80,82,67,81,78,338,68,62,67,77,64,371,80,58,76,84,73,366,81,74,74,82,55,78,214,75,75,64,49,12,9,6,14,8,2066,441,4,4,"Medium","Medium",3,"Lean (185+)",65,69,77,77,73,80,NA,"Everton
Jun 30, 2019 On loan"
"A. Isak","Real Sociedad","A. Isak","€15.00m","Forward","LaLiga","Centre-Forward",33,24.1,9,"€300.95m","LaLiga",10,38,14,8,16,"44:52",-8,50,18,71,84,233731,190,74,"Right",71,"CF",13,"Jan 23, 2017","Jun 30, 2019",4300000,4000,0,332,51,72,66,68,75,279,74,48,35,47,75,362,78,76,78,66,64,316,66,67,66,58,59,277,41,29,73,66,68,72,68,27,23,18,40,7,6,9,7,11,1674,363,3,3,"Medium","Medium",1,"Lean (185+)",77,68,58,74,29,57,NA,"Willem II
Jun 30, 2019 On loan"
"A. Iwobi","Everton","A. Iwobi","€30.40m","Midfield","Premier League","Attacking Midfield",40,26,28,"€529.10m","Premier League",8,38,15,9,14,"54:46",8,54,22,78,83,213655,185,75,"Right",78,"CAM",5,"Sep 25, 2013","N/A",1.4e+07,80000,27700000,307,69,64,42,81,51,339,84,68,40,63,84,391,79,82,80,75,75,317,70,47,74,72,54,293,54,24,75,81,59,72,79,30,26,23,58,14,7,12,14,11,1784,396,3,4,"Medium","Medium",1,"Normal (185+)",81,63,73,83,28,68,4,"Arsenal
"
"A. Knockaert","Fulham","A. Knockaert","Loan fee:","Forward","Championship","Right Winger",33,25.7,26,"€254.25m","Premier League",19,38,7,5,26,"34:81",-47,26,26,76,76,203910,172,69,"Left",76,"LW",0,"Jan 7, 2016","N/A",8500000,40000,16200000,340,75,71,59,73,62,374,83,75,71,64,81,393,75,72,90,72,84,341,73,72,72,54,70,348,80,52,74,74,68,73,132,58,40,34,55,14,14,8,11,8,1983,413,3,4,"High","High",1,"Normal (170-185)",73,71,72,83,49,65,3,"Brighton & Hove Albion
"
"A. Lookman","RB Leipzig","A. Lookman","€18.00m","Forward","Bundesliga","Second Striker",34,22.6,22,"€479.00m","Bundesliga",3,34,19,9,6,"63:29",34,66,20,75,86,230899,174,78,"Right",77,"RW",11,"Jan 5, 2017","N/A",11500000,50000,24200000,322,69,74,49,72,58,328,85,67,52,44,80,405,87,79,88,66,85,333,78,65,68,51,71,308,65,33,75,70,65,75,73,24,24,25,54,12,12,9,15,6,1823,392,4,3,"High","Medium",1,"Lean (170-185)",83,73,66,83,28,59,2,"Everton
"
"A. Mooy","Brighton & Hove Albion","A. Mooy","€3.30m","Midfield","Premier League","Central Midfield",41,25.8,29,"€194.35m","Premier League",17,38,9,9,20,"35:60",-25,36,27,77,77,194958,173,72,"Right",76,"CM",0,"Jun 30, 2017","N/A",9e+06,50000,1.8e+07,336,73,67,50,81,65,376,73,73,72,80,78,341,64,60,69,75,73,366,71,70,76,74,75,366,75,70,71,77,73,77,213,72,72,69,54,11,8,12,11,12,2052,428,3,3,"Medium","Medium",1,"Lean (170-185)",62,70,78,74,69,75,1,"Huddersfield Town
"
"A. Murgia","SPAL","A. Murgia","€4.00m","Midfield","Serie A","Central Midfield",51,25.3,20,"€97.40m","Serie A",13,38,11,9,18,"44:56",-12,42,21,72,78,231919,185,78,"Right",71,"CM",6,"Jul 1, 2013","Jun 30, 2019",4200000,9000,0,319,56,60,70,75,58,325,69,55,55,72,74,288,52,51,54,74,57,311,69,54,51,68,69,329,58,74,72,72,53,62,202,68,68,66,43,12,8,7,8,8,1817,382,3,3,"Medium","Medium",1,"Normal (185+)",51,64,68,69,69,61,NA,"SPAL
Jun 30, 2019 On loan"
"A. Petagna","SSC Napoli","A. Petagna","€16.60m","Forward","Serie A","Centre-Forward",54,24.3,27,"€646.80m","Serie A",2,38,24,7,7,"74:36",38,79,23,77,82,215689,190,85,"Left",76,"ST",5,"Jan 28, 2016","Jun 30, 2019",1.2e+07,15000,0,352,58,77,77,76,64,309,75,56,40,59,79,320,55,69,56,72,68,370,78,69,75,92,56,301,60,18,79,72,72,71,97,57,22,18,17,3,3,3,5,3,1766,392,3,3,"Medium","Medium",1,"Stocky (185+)",63,72,66,74,37,80,NA,"SPAL
Jun 30, 2019 On loan"
"A. Petagna","SPAL","A. Petagna","€12.00m","Forward","Serie A","Centre-Forward",51,25.3,20,"€97.40m","Serie A",13,38,11,9,18,"44:56",-12,42,23,77,82,215689,190,85,"Left",76,"ST",5,"Jan 28, 2016","Jun 30, 2019",1.2e+07,15000,0,352,58,77,77,76,64,309,75,56,40,59,79,320,55,69,56,72,68,370,78,69,75,92,56,301,60,18,79,72,72,71,97,57,22,18,17,3,3,3,5,3,1766,392,3,3,"Medium","Medium",1,"Stocky (185+)",63,72,66,74,37,80,NA,"SPAL
Jun 30, 2019 On loan"
"A. Rrahmani","SSC Napoli","A. Rrahmani","€14.20m","Defence","Serie A","Centre-Back",54,24.3,27,"€646.80m","Serie A",2,38,24,7,7,"74:36",38,79,24,70,74,244263,192,87,"Right",69,"CB",4,"Aug 30, 2016","N/A",2e+06,500,4400000,258,45,40,75,59,39,239,59,43,21,54,62,278,51,70,49,61,47,346,52,70,75,83,66,262,76,65,48,39,34,56,203,60,72,71,48,12,8,13,8,7,1634,362,4,2,"Medium","High",1,"Normal (185+)",61,48,49,58,67,79,2,"Dinamo Zagreb
"
"A. Saelemaekers","AC Milan","A. Saelemaekers","Loan fee:","Forward","Serie A","Right Winger",45,24.4,22,"€578.48m","Serie A",5,38,19,11,8,"55:36",19,68,19,71,83,242664,176,66,"Right",70,"RM",12,"Oct 25, 2017","N/A",4100000,7000,7e+06,304,79,46,45,71,63,354,73,71,65,72,73,374,79,77,81,63,74,320,58,75,72,53,62,300,67,61,63,68,41,60,186,59,64,63,48,9,6,9,12,12,1886,398,4,3,"High","High",1,"Normal (170-185)",78,53,72,73,60,62,3,"Anderlecht
"
"A. Saint-Maximin","Newcastle United","A. Saint-Maximin","€18.00m","Forward","Premier League","Left Winger",37,26,23,"€244.65m","Premier League",13,38,12,9,17,"42:48",-6,45,21,79,86,216388,173,67,"Right",79,"RW",7,"Aug 7, 2017","N/A",17500000,30000,37800000,322,66,70,53,74,59,356,89,70,46,70,81,443,93,92,93,78,87,361,80,68,77,66,70,242,36,15,74,70,47,79,64,26,16,22,45,10,9,12,7,7,1833,404,4,4,"High","Low",2,"Normal (170-185)",92,71,69,86,23,63,1,"Nice
"
"A. Wan-Bissaka","Manchester United","A. Wan-Bissaka","€55.00m","Defence","Premier League","Right-Back",36,25.3,22,"€797.60m","Premier League",6,38,19,9,10,"65:54",11,66,20,78,86,229880,183,72,"Right",77,"RB",8,"Jul 2, 2015","N/A",1.3e+07,40000,27300000,279,66,44,60,66,43,290,74,47,45,52,72,407,87,88,86,74,72,300,51,60,76,67,46,325,72,75,62,60,56,68,247,81,81,85,39,9,8,6,8,8,1887,419,2,3,"Medium","High",1,"Lean (170-185)",88,47,61,75,78,70,3,"Crystal Palace
"
"A. Webster","Brighton & Hove Albion","A. Webster","€22.22m","Defence","Premier League","Centre-Back",41,25.8,29,"€194.35m","Premier League",17,38,9,9,20,"35:60",-25,36,23,73,77,207616,191,75,"Right",72,"CB",4,"Jun 28, 2018","N/A",4400000,30000,8700000,238,44,26,76,65,27,257,65,27,25,70,70,329,67,69,61,66,66,289,37,77,67,76,32,241,69,78,26,44,24,73,210,70,72,68,51,10,8,14,7,12,1615,361,3,2,"Medium","Medium",1,"Lean (185+)",68,29,53,66,73,72,3,"Bristol City
"
"B. Cristante","AS Roma","B. Cristante","€22.00m","Midfield","Serie A","Defensive Midfield",57,23.7,27,"€459.05m","Serie A",6,38,18,12,8,"66:48",18,66,23,78,84,208268,186,80,"Right",77,"CM",6,"Feb 28, 2019","N/A",1.4e+07,50000,26600000,357,68,68,73,81,67,361,76,65,62,78,80,316,63,60,64,75,54,367,80,58,75,77,77,356,76,72,76,74,58,74,223,74,77,72,19,3,5,3,3,5,1999,432,3,4,"Medium","Medium",2,"Lean (185+)",61,72,75,75,74,75,4,"Roma
"
"B. Dost","Eintracht Frankfurt","B. Dost","€7.00m","Forward","Bundesliga","Centre-Forward",47,24.8,28,"€313.40m","Bundesliga",7,34,15,9,10,"60:48",12,54,29,82,82,189068,196,89,"Right",80,"ST",0,"Aug 28, 2016","N/A",2.2e+07,20000,4.4e+07,376,38,86,94,73,85,271,68,61,30,37,75,250,49,54,32,83,32,376,82,51,81,92,70,353,68,39,89,67,90,81,109,38,45,26,52,6,12,15,11,8,1787,383,3,2,"Medium","Medium",3,"Lean (185+)",52,82,57,65,45,82,2,"Sporting CP
"
"B. Fernandes","Manchester United","B. Fernandes","€63.00m","Midfield","Premier League","Attacking Midfield",36,25.3,22,"€797.60m","Premier League",6,38,19,9,10,"65:54",11,66,23,85,89,212198,179,69,"Right",84,"CAM",4,"Jul 1, 2017","N/A",5e+07,20000,103800000,392,85,78,58,85,86,431,85,86,87,86,87,396,79,76,78,84,79,407,89,72,91,67,88,399,70,74,81,88,86,86,189,68,64,57,63,12,14,15,8,14,2277,471,4,4,"High","High",2,"Lean (170-185)",77,83,86,85,66,74,4,"Sporting CP
"
"B. Mensah","Kayserispor","B. Mensah","€2.80m","Midfield","Süper Lig","Attacking Midfield",34,25.7,13,"€19.43m","SuperLig",10,34,10,11,13,"35:50",-15,41,23,74,81,222457,180,65,"Right",73,"CAM",7,"Jul 22, 2015","May 31, 2019",8e+06,10000,0,316,64,67,62,74,49,363,77,72,70,69,75,370,82,76,79,67,66,337,80,60,58,67,72,335,70,68,69,69,59,72,172,68,62,42,61,15,13,12,10,11,1954,422,3,4,"High","Medium",1,"Lean (170-185)",79,69,70,76,63,65,NA,"Kayserispor
May 31, 2019 On loan"
"B. Pavard","Bayern Munich","B. Pavard","€35.00m","Defence","Bundesliga","Right-Back",32,25.7,15,"€784.88m","Bundesliga",1,34,24,6,4,"88:32",56,78,22,79,85,226851,186,76,"Right",78,"CDM",6,"Aug 30, 2016","N/A",14500000,30000,27600000,311,66,37,73,78,57,330,66,58,51,79,76,353,69,73,68,77,66,350,65,86,77,74,48,325,72,82,54,66,51,77,242,82,79,81,53,9,7,15,7,15,1964,414,3,3,"Medium","Medium",1,"Lean (185+)",71,47,71,70,80,75,2,"VfB Stuttgart
"
"B. Raman","FC Schalke 04","B. Raman","€10.00m","Forward","Bundesliga","Centre-Forward",39,25.1,24,"€221.30m","Bundesliga",14,34,8,9,17,"37:55",-18,33,23,75,80,200429,172,67,"Right",75,"RW",5,"Mar 20, 2018","N/A",9e+06,20000,16900000,341,64,75,65,71,66,343,78,72,67,52,74,432,93,91,88,73,87,342,70,82,79,39,72,295,72,23,73,62,65,73,60,25,20,15,55,13,8,16,10,8,1868,391,4,3,"High","Medium",1,"Lean (170-185)",92,72,65,78,26,58,3,"Fortuna Düsseldorf
"
"Bruma","PSV Eindhoven","Bruma","€12.00m","Forward","Eredivisie","Left Winger",41,22.9,21,"€237.85m","Eredivisie",2,34,26,5,3,"98:26",72,83,23,78,82,211368,173,70,"Right",79,"RW",4,"Jul 1, 2017","N/A",13500000,40000,2.4e+07,331,72,71,53,75,60,377,87,77,70,60,83,434,94,89,93,68,90,358,81,73,77,54,73,316,64,38,73,70,71,71,81,26,27,28,52,11,13,8,12,8,1949,416,4,4,"High","Medium",2,"Lean (170-185)",91,73,71,86,32,63,3,"RB Leipzig
"
"C. Adams","Southampton","C. Adams","€16.70m","Forward","Premier League","Centre-Forward",40,24.9,19,"€305.40m","Premier League",16,38,9,12,17,"45:65",-20,39,21,74,81,226093,178,66,"Right",73,"ST",7,"Aug 8, 2016","N/A",8e+06,20000,16800000,309,55,76,54,66,58,320,72,63,59,53,73,394,87,86,79,68,74,380,79,76,75,78,72,312,74,36,73,62,67,67,111,33,42,36,65,16,13,12,15,9,1891,409,4,3,"High","Medium",1,"Stocky (170-185)",86,74,61,73,39,76,3,"Birmingham City
"
"C. Ansaldi","Torino","C. Ansaldi","€2.50m","Defence","Serie A","Left-Back",62,23.7,29,"€239.23m","Serie A",7,38,16,15,7,"52:37",15,63,31,77,77,173306,181,76,"Left",78,"LM",0,"Jul 30, 2016","Jun 30, 2019",8e+06,40000,0,336,79,57,65,77,58,357,79,76,47,76,79,377,75,78,77,79,68,350,66,72,78,68,66,347,78,76,68,73,52,81,234,76,79,79,57,15,15,11,8,8,2058,440,5,4,"High","High",2,"Normal (170-185)",77,61,75,78,76,73,NA,"Torino
Jun 30, 2019 On loan"
"C. Dawson","Watford","C. Dawson","€6.00m","Defence","Premier League","Centre-Back",39,26.2,32,"€239.10m","Premier League",11,38,14,8,16,"52:59",-7,50,28,75,75,194806,188,82,"Right",74,"CB",0,"Aug 31, 2010","N/A",5500000,30000,10500000,279,65,49,80,65,20,251,55,45,24,60,67,306,61,63,62,70,50,308,57,82,78,77,14,324,76,75,56,51,66,68,224,76,73,75,34,7,8,7,7,5,1726,375,2,2,"Medium","Medium",2,"Normal (185+)",62,43,58,60,75,77,1,"West Bromwich Albion
"
"C. Eriksen","Inter Milan","C. Eriksen","€27.00m","Midfield","Serie A","Central Midfield",60,24,30,"€617.93m","Serie A",12,38,11,10,17,"39:53",-14,43,26,88,89,190460,181,76,"Right",87,"CAM",1,"Aug 30, 2013","N/A",69500000,2e+05,133800000,392,88,81,52,91,80,435,82,86,87,89,91,398,76,73,80,88,81,373,84,50,92,58,89,344,46,56,84,91,67,88,138,59,57,22,43,9,14,7,7,6,2123,449,5,4,"High","Medium",3,"Lean (170-185)",74,83,90,85,53,64,1,"Tottenham Hotspur
"
"C. Eriksen","Inter Milan","C. Eriksen","€27.00m","Midfield","Serie A","Central Midfield",60,24,30,"€617.93m","Serie A",4,38,20,9,9,"57:33",24,69,26,88,89,190460,181,76,"Right",87,"CAM",1,"Aug 30, 2013","N/A",69500000,2e+05,133800000,392,88,81,52,91,80,435,82,86,87,89,91,398,76,73,80,88,81,373,84,50,92,58,89,344,46,56,84,91,67,88,138,59,57,22,43,9,14,7,7,6,2123,449,5,4,"High","Medium",3,"Lean (170-185)",74,83,90,85,53,64,1,"Tottenham Hotspur
"
"C. Luyindama","Galatasaray","C. Luyindama","€5.00m","Defence","Süper Lig","Centre-Back",43,25.4,20,"€129.80m","SuperLig",1,34,20,9,5,"72:36",36,69,24,76,79,237556,191,91,"Right",75,"CB",3,"May 18, 2017","May 31, 2019",8e+06,40000,0,222,27,19,81,65,30,220,45,31,19,67,58,311,66,78,53,68,46,354,68,68,73,92,53,254,84,74,21,51,24,74,219,64,80,75,46,12,11,5,7,11,1626,370,2,2,"Medium","Medium",1,"Normal (185+)",73,37,51,51,74,84,NA,"Galatasaray
May 31, 2019 On loan"
"C. Nkunku","RB Leipzig","C. Nkunku","€13.00m","Forward","Bundesliga","Second Striker",34,22.6,22,"€479.00m","Bundesliga",3,34,19,9,6,"63:29",34,66,20,77,85,232411,179,72,"Right",78,"CAM",8,"Dec 23, 2015","N/A",1.3e+07,50000,26700000,342,69,76,59,79,59,380,82,77,69,72,80,388,79,78,78,74,79,346,79,59,71,63,74,348,62,69,76,76,65,72,211,69,72,70,43,5,6,10,15,7,2058,442,3,3,"Medium","High",1,"Lean (170-185)",78,75,75,80,69,65,1,"Paris Saint Germain
"
"C. Oliva","Cagliari Calcio","C. Oliva","€2.60m","Midfield","Serie A","Defensive Midfield",49,25.9,18,"€155.38m","Serie A",15,38,10,11,17,"36:54",-18,41,22,70,78,247076,178,77,"Right",71,"CDM",8,"Jul 1, 2018","N/A",2600000,15000,4900000,288,59,51,59,76,43,313,65,60,47,69,72,339,67,68,70,72,62,324,70,55,67,69,63,322,75,70,58,68,51,64,208,68,72,68,54,9,13,5,15,12,1848,399,3,2,"Medium","Medium",1,"Normal (170-185)",68,57,68,68,69,69,1,"Cagliari
"
"C. Romero","Juventus","C. Romero","€31.50m","Defence","Serie A","Centre-Back",59,25,25,"€871.05m","Serie A",1,38,28,6,4,"70:30",40,90,20,72,86,232488,185,79,"Right",71,"CB",14,"Jul 1, 2018","N/A",6e+06,9000,14600000,215,31,26,72,53,33,195,36,35,29,43,52,323,61,65,64,69,64,316,51,76,75,77,37,266,85,74,31,36,40,58,207,65,71,71,47,5,7,11,10,14,1569,335,2,2,"Low","High",1,"Normal (185+)",63,35,42,47,70,78,4,"Genoa
"
"C. Smalling","AS Roma","C. Smalling","Loan fee:","Defence","Serie A","Centre-Back",57,23.7,27,"€459.05m","Serie A",6,38,18,12,8,"66:48",18,66,28,80,80,189881,194,81,"Right",79,"CB",0,"Jul 1, 2010","N/A",1.2e+07,120000,22800000,302,52,54,82,65,49,252,59,49,22,64,58,315,63,74,55,75,48,312,42,76,71,88,35,316,82,80,48,54,52,67,243,80,82,81,71,10,15,16,15,15,1811,395,3,2,"Medium","High",3,"Lean (185+)",69,47,57,59,81,82,3,"Manchester United
"
"Chiquinho","SL Benfica","Chiquinho","€5.25m","Midfield","Liga NOS","Attacking Midfield",33,25.1,22,"€383.00m","LigaNOS",1,34,28,3,3,"103:31",72,87,22,77,83,243686,174,66,"Right",76,"CAM",6,"Jul 26, 2018","N/A",1.2e+07,8000,27600000,314,69,65,36,78,66,378,78,77,69,77,77,394,75,73,85,78,83,296,76,34,75,38,73,328,52,49,76,77,74,81,183,64,62,57,36,5,12,6,5,8,1929,405,3,3,"High","Medium",1,"Normal (170-185)",74,70,75,79,57,50,4,"Moreirense
"
"D. Carlos","Sevilla","D. Carlos","€15.00m","Defence","LaLiga","Centre-Back",38,26.1,21,"€306.30m","LaLiga",6,38,17,8,13,"62:47",15,59,25,79,81,219693,186,86,"Right",78,"CB",2,"Jun 30, 2016","N/A",1.3e+07,30000,25700000,243,35,26,75,73,34,314,68,47,71,59,69,355,79,76,69,74,57,359,73,80,65,84,57,301,82,75,52,51,41,72,235,80,80,75,49,7,10,14,7,11,1856,404,4,3,"Medium","High",2,"Normal (185+)",77,44,58,68,78,79,3,"Nantes
"
"D. Cheryshev","Valencia CF","D. Cheryshev","€6.00m","Forward","LaLiga","Left Winger",33,24.8,17,"€499.65m","LaLiga",4,38,15,16,7,"51:35",16,61,27,79,79,206225,179,74,"Left",78,"LW",0,"Jul 1, 2016","Jun 30, 2019",1.3e+07,40000,0,358,85,78,54,72,69,368,79,76,61,74,78,385,78,79,76,78,74,380,81,75,73,67,84,341,62,62,75,78,64,70,160,47,58,55,52,16,7,14,7,8,2044,435,4,3,"High","Low",2,"Lean (170-185)",79,79,76,78,55,68,NA,"Valencia
Jun 30, 2019 On loan"
"D. Demme","SSC Napoli","D. Demme","€10.25m","Midfield","Serie A","Defensive Midfield",54,24.3,27,"€646.80m","Serie A",2,38,24,7,7,"74:36",38,79,26,79,80,202325,170,68,"Right",78,"CDM",1,"Jan 8, 2014","N/A",1.2e+07,50000,21300000,283,71,26,57,81,48,355,73,65,62,78,77,370,68,53,88,76,85,335,64,79,95,67,30,356,82,79,67,70,58,74,228,78,77,73,59,14,10,14,12,9,1986,403,4,3,"Medium","High",1,"Normal (170-)",60,39,75,76,75,78,2,"RB Leipzig
"
"D. Ings","Southampton","D. Ings","€25.10m","Forward","Premier League","Centre-Forward",40,24.9,19,"€305.40m","Premier League",16,38,9,12,17,"45:65",-20,39,25,76,77,195859,178,73,"Right",75,"ST",1,"Jul 1, 2015","Jun 30, 2019",9500000,50000,0,348,62,76,75,69,66,307,77,57,36,61,76,380,79,76,74,74,77,358,74,79,69,69,67,325,60,39,79,68,79,70,73,22,24,27,57,10,13,12,16,6,1848,391,3,3,"High","High",1,"Normal (170-185)",77,74,64,76,32,68,NA,"Southampton
Jun 30, 2019 On loan"
"D. James","Manchester United","D. James","€17.80m","Forward","Premier League","Right Winger",36,25.3,22,"€797.60m","Premier League",6,38,19,9,10,"65:54",11,66,20,70,82,232104,170,76,"Right",69,"RM",12,"Jan 10, 2016","N/A",3200000,10000,6700000,290,68,61,44,67,50,304,73,61,54,48,68,404,93,90,80,63,78,290,71,53,68,58,40,240,39,21,60,65,55,66,81,23,27,31,48,7,6,11,15,9,1657,367,4,3,"High","Medium",1,"Normal (170-)",91,58,63,72,27,56,1,"Swansea City
"
"D. Kohr","Eintracht Frankfurt","D. Kohr","€8.50m","Midfield","Bundesliga","Central Midfield",47,24.8,28,"€313.40m","Bundesliga",7,34,15,9,10,"60:48",12,54,24,77,80,212212,185,81,"Right",77,"CB",3,"Jul 1, 2017","N/A",9500000,40000,16900000,287,42,57,69,74,45,310,69,51,46,68,76,347,66,69,66,75,71,364,65,80,79,77,63,331,90,79,46,69,47,69,232,83,74,75,43,6,11,9,10,7,1914,417,3,3,"Medium","Medium",2,"Normal (185+)",68,58,63,71,77,80,2,"Bayer 04 Leverkusen
"
"D. Kownacki","Fortuna Düsseldorf","D. Kownacki","€6.75m","Forward","Bundesliga","Centre-Forward",34,26.3,16,"€94.95m","Bundesliga",10,34,13,5,16,"49:65",-16,44,21,72,82,221168,187,75,"Right",71,"ST",10,"Jul 11, 2017","Jun 30, 2020",5e+06,15000,0,322,54,73,66,66,63,283,70,52,32,59,70,364,78,76,73,70,67,346,76,68,72,73,57,309,58,42,75,62,72,71,54,20,18,16,57,15,13,9,9,11,1735,374,3,3,"Medium","Medium",1,"Lean (185+)",77,70,59,70,28,70,NA,"Fortuna Düsseldorf
Jun 30, 2020 On loan"
"D. Luiz","Arsenal","D. Luiz","€8.70m","Defence","Premier League","Centre-Back",42,24.9,28,"€659.05m","Premier League",5,38,21,7,10,"73:51",22,70,31,83,83,179944,189,86,"Right",81,"CB",0,"Aug 31, 2016","N/A",17500000,130000,32400000,344,68,55,81,77,63,373,66,70,76,82,79,324,60,64,69,75,56,377,81,78,66,79,73,370,85,85,54,71,75,77,244,79,83,82,54,11,12,10,7,14,2086,430,3,3,"Medium","Medium",4,"Normal (185+)",62,65,74,70,82,77,2,"Chelsea
"
"D. Luiz","Arsenal","D. Luiz","€8.70m","Defence","Premier League","Centre-Back",42,24.9,28,"€659.05m","Premier League",5,38,21,7,10,"73:51",22,70,20,74,84,236499,178,70,"Right",73,"CM",10,"Jul 15, 2017","Jun 30, 2019",9e+06,20000,0,326,67,64,62,75,58,350,72,66,63,74,75,361,66,67,74,80,74,359,76,66,73,68,76,311,74,69,52,72,44,73,210,65,75,70,48,12,6,13,10,7,1965,419,2,3,"Medium","Medium",1,"Normal (170-185)",67,67,72,74,69,70,NA,"Girona
Jun 30, 2019 On loan"
"D. Olmo","RB Leipzig","D. Olmo","€29.00m","Midfield","Bundesliga","Attacking Midfield",34,22.6,22,"€479.00m","Bundesliga",3,34,19,9,6,"63:29",34,66,20,78,87,244260,179,72,"Right",78,"CAM",9,"Jul 31, 2014","N/A",1.6e+07,1000,38400000,341,77,74,43,76,71,385,80,72,75,77,81,395,79,82,80,71,83,338,79,55,76,54,74,320,60,43,78,77,62,80,126,40,45,41,66,15,15,13,12,11,1971,415,4,4,"High","Medium",1,"Lean (170-185)",81,74,76,80,43,61,2,"Dinamo Zagreb
"
"D. Podence","Wolverhampton Wanderers","D. Podence","€19.60m","Forward","Premier League","Left Winger",40,24.1,26,"€302.90m","Premier League",7,38,16,9,13,"47:46",1,57,22,78,84,226766,163,65,"Right",77,"CAM",6,"Jul 10, 2018","N/A",1.4e+07,2000,32200000,300,63,64,42,74,57,348,84,75,42,66,81,449,94,92,92,77,94,292,65,66,76,30,55,304,67,21,76,77,63,78,101,42,30,29,58,14,14,8,7,15,1852,394,4,4,"High","Medium",1,"Normal (170-)",93,63,70,84,33,51,4,"Olympiakos Piraeus
"
"D. Praet","Leicester City","D. Praet","€19.20m","Midfield","Premier League","Central Midfield",37,26.4,26,"€434.10m","Premier League",9,38,15,7,16,"51:48",3,52,24,77,82,199652,181,78,"Right",76,"CAM",5,"Aug 24, 2016","N/A",11500000,30000,20400000,353,74,66,62,81,70,377,79,75,67,77,79,362,73,69,76,73,71,352,73,66,73,64,76,333,64,61,76,76,56,75,181,58,63,60,46,6,6,10,14,10,2004,423,4,4,"High","Medium",2,"Normal (170-185)",71,70,77,78,61,66,2,"Sampdoria
"
"D. Sinkgraven","Bayer 04 Leverkusen","D. Sinkgraven","€5.00m","Defence","Bundesliga","Left-Back",31,24.6,16,"€429.40m","Bundesliga",4,34,18,4,12,"69:52",17,58,22,71,75,216380,179,65,"Left",74,"CAM",4,"Feb 1, 2015","N/A",2600000,9000,3800000,336,72,57,64,75,68,361,79,73,65,65,79,377,79,79,83,69,67,315,63,75,70,52,55,345,72,72,69,76,56,68,193,60,67,66,63,10,13,11,14,15,1990,417,3,4,"High","Low",1,"Lean (170-185)",79,59,73,78,66,62,1,"Ajax
"
"D. Sow","Eintracht Frankfurt","D. Sow","€14.00m","Midfield","Bundesliga","Central Midfield",47,24.8,28,"€313.40m","Bundesliga",7,34,15,9,10,"60:48",12,54,21,71,81,229752,184,77,"Right",70,"CM",10,"Jul 1, 2017","N/A",3800000,10000,6400000,317,65,57,55,74,66,321,68,59,48,73,73,362,76,78,68,68,72,347,66,64,79,71,67,304,58,59,65,68,54,65,195,67,67,61,42,6,12,9,7,8,1888,412,4,3,"Medium","High",1,"Lean (170-185)",77,62,69,70,64,70,2,"Young Boys
"
"D. Vavro","SS Lazio","D. Vavro","€10.50m","Defence","Serie A","Centre-Back",57,24.4,33,"€291.15m","Serie A",8,38,17,8,13,"56:46",10,59,22,72,79,240988,190,76,"Right",71,"CB",7,"Aug 26, 2017","N/A",3700000,10000,5600000,241,26,37,73,69,36,235,52,25,30,65,63,310,65,74,49,58,64,350,69,70,66,87,58,291,75,68,48,48,52,67,209,70,70,69,64,13,12,14,12,13,1700,375,3,2,"Medium","Medium",1,"Normal (185+)",70,49,51,56,70,79,3,"København
"
"D. Zapata","Atalanta BC","D. Zapata","€12.00m","Forward","Serie A","Centre-Forward",88,22.7,29,"€367.68m","Serie A",3,38,20,9,9,"77:46",31,69,27,82,82,215333,189,88,"Right",81,"ST",0,"Jul 1, 2018","Jun 30, 2020",23500000,40000,0,352,44,87,81,64,76,305,77,48,62,38,80,345,72,76,64,75,58,390,86,79,66,95,64,285,66,20,85,46,68,78,98,52,24,22,40,9,9,8,6,8,1815,401,4,4,"High","Medium",2,"Normal (185+)",74,81,52,76,37,81,NA,"Atalanta
Jun 30, 2020 On loan"
"Danilo","Juventus","Danilo","€37.00m","Defence","Serie A","Right-Back",59,25,25,"€871.05m","Serie A",1,38,28,6,4,"70:30",40,90,22,75,80,223517,183,76,"Right",75,"CB",5,"Jul 1, 2018","N/A",9e+06,20000,17800000,339,60,60,80,76,63,357,72,68,71,71,75,347,67,69,68,77,66,384,75,86,79,73,71,341,77,77,73,73,41,80,218,71,75,72,55,13,6,11,11,14,2041,426,3,3,"Medium","Medium",1,"Normal (170-185)",68,65,71,72,74,76,2,"Nice
"
"Danilo","Juventus","Danilo","€37.00m","Defence","Serie A","Right-Back",59,25,25,"€871.05m","Serie A",1,38,28,6,4,"70:30",40,90,26,79,79,199304,184,78,"Right",78,"RB",0,"Jul 23, 2017","N/A",10500000,110000,19400000,353,74,61,69,77,72,373,73,76,76,69,79,363,73,76,70,79,65,391,85,74,82,76,74,362,75,81,75,64,67,69,233,78,77,78,53,14,5,15,14,5,2128,446,4,3,"High","Medium",2,"Lean (170-185)",75,70,73,74,77,77,3,"Manchester City
"
"Danilo","Juventus","Danilo","€37.00m","Defence","Serie A","Right-Back",59,25,25,"€871.05m","Serie A",1,38,28,6,4,"70:30",40,90,34,77,77,166072,185,76,"Right",76,"CB",0,"Jul 1, 2011","Jun 30, 2019",2700000,30000,0,208,30,24,72,60,22,236,46,34,30,66,60,281,49,53,46,73,60,307,72,76,42,69,48,276,78,83,25,42,48,74,241,80,82,79,41,11,8,11,5,6,1590,336,3,2,"Low","Medium",2,"Normal (185+)",51,40,49,52,80,64,NA,"Bologna
Jun 30, 2019 On loan"
"E. Cabaco","Getafe CF","E. Cabaco","€8.00m","Defence","LaLiga","Centre-Back",28,27.3,13,"€132.20m","LaLiga",5,38,15,14,9,"48:35",13,59,23,75,81,236331,186,75,"Right",74,"CB",6,"Jul 2, 2018","N/A",8e+06,15000,18400000,244,38,36,74,60,36,232,46,36,27,62,61,327,67,67,65,69,59,319,52,83,72,78,34,257,84,74,28,39,32,66,228,77,74,77,51,11,7,13,14,6,1658,361,3,2,"Low","High",1,"Normal (185+)",67,38,49,54,75,78,3,"Levante
"
"E. Elmas","SSC Napoli","E. Elmas","€16.20m","Midfield","Serie A","Central Midfield",54,24.3,27,"€646.80m","Serie A",2,38,24,7,7,"74:36",38,79,18,70,83,241390,184,74,"Right",70,"CAM",13,"Jul 28, 2017","N/A",3100000,15000,7900000,313,64,61,58,74,56,331,74,57,54,72,74,335,66,65,74,63,67,335,76,50,72,63,74,312,77,44,64,69,58,68,180,56,65,59,48,8,5,14,6,15,1854,397,4,3,"Medium","Medium",1,"Lean (170-185)",65,66,69,73,57,67,1,"Fenerbahçe
"
"E. Gallego","Getafe CF","E. Gallego","€6.00m","Forward","LaLiga","Centre-Forward",28,27.3,13,"€132.20m","LaLiga",5,38,15,14,9,"48:35",13,59,31,74,74,243993,189,87,"Left",73,"ST",0,"Jan 16, 2019","N/A",5e+06,20000,1.1e+07,323,43,79,78,61,62,270,65,50,43,45,67,319,68,65,54,70,62,359,74,69,64,84,68,293,59,20,76,65,73,74,57,22,17,18,56,10,14,10,12,10,1677,358,3,3,"High","Medium",1,"Normal (185+)",66,75,54,65,25,73,3,"Huesca
"
"E. Hazard","Real Madrid","E. Hazard","€115.00m","Forward","LaLiga","Left Winger",36,24.7,15,"€896.10m","LaLiga",9,38,13,11,14,"45:46",-1,50,27,91,91,183277,173,76,"Right",90,"CAM",0,"Jul 1, 2012","N/A",9.3e+07,325000,172100000,395,81,84,61,89,80,434,95,83,79,83,94,461,94,88,95,90,94,368,82,56,84,66,80,357,54,41,87,89,86,91,83,34,27,22,45,11,12,6,8,8,2143,457,4,4,"High","Medium",4,"Normal (170-185)",91,83,86,94,35,68,1,"Chelsea
"
"E. Hazard","Real Madrid","E. Hazard","€115.00m","Forward","LaLiga","Left Winger",36,24.7,15,"€896.10m","LaLiga",3,38,21,5,12,"63:46",17,68,27,91,91,183277,173,76,"Right",90,"CAM",0,"Jul 1, 2012","N/A",9.3e+07,325000,172100000,395,81,84,61,89,80,434,95,83,79,83,94,461,94,88,95,90,94,368,82,56,84,66,80,357,54,41,87,89,86,91,83,34,27,22,45,11,12,6,8,8,2143,457,4,4,"High","Medium",4,"Normal (170-185)",91,83,86,94,35,68,1,"Chelsea
"
"E. Hazard","Real Madrid","E. Hazard","€115.00m","Forward","LaLiga","Left Winger",36,24.7,15,"€896.10m","LaLiga",16,38,10,11,17,"32:51",-19,41,27,91,91,183277,173,76,"Right",90,"CAM",0,"Jul 1, 2012","N/A",9.3e+07,325000,172100000,395,81,84,61,89,80,434,95,83,79,83,94,461,94,88,95,90,94,368,82,56,84,66,80,357,54,41,87,89,86,91,83,34,27,22,45,11,12,6,8,8,2143,457,4,4,"High","Medium",4,"Normal (170-185)",91,83,86,94,35,68,1,"Chelsea
"
"E. Krafth","Newcastle United","E. Krafth","€5.40m","Defence","Premier League","Right-Back",37,26,23,"€244.65m","Premier League",13,38,12,9,17,"42:48",-6,45,23,73,77,207650,181,72,"Right",72,"RB",4,"Aug 21, 2015","Jun 30, 2019",4300000,10000,0,287,68,41,64,68,46,322,68,70,54,62,68,368,72,78,73,74,71,340,70,68,76,68,58,311,72,73,52,60,54,72,220,72,74,74,57,8,13,15,14,7,1905,404,3,3,"High","Medium",1,"Normal (170-185)",75,52,65,69,72,71,NA,"Amiens SC
Jun 30, 2019 On loan"
"E. Palacios","Bayer 04 Leverkusen","E. Palacios","€17.00m","Midfield","Bundesliga","Central Midfield",31,24.6,16,"€429.40m","Bundesliga",4,34,18,4,12,"69:52",17,58,19,76,86,231521,177,66,"Right",75,"CAM",10,"Nov 8, 2015","N/A",1.2e+07,10000,19200000,330,67,71,59,76,57,337,76,68,42,74,77,383,76,78,79,73,77,380,80,72,85,65,78,348,73,68,73,75,59,77,204,66,70,68,38,10,5,8,9,6,2020,438,4,4,"High","High",1,"Lean (170-185)",77,73,72,77,67,72,2,"River Plate
"
"E. Pulgar","ACF Fiorentina","E. Pulgar","€12.30m","Midfield","Serie A","Defensive Midfield",56,22.9,36,"€315.33m","Serie A",16,38,8,17,13,"47:45",2,41,24,77,82,213629,187,74,"Right",76,"CDM",5,"Aug 7, 2015","N/A",1e+07,30000,17800000,308,63,44,69,78,54,361,74,70,67,72,78,340,67,67,68,70,68,382,76,79,84,77,66,351,75,72,58,74,72,74,231,79,78,74,61,12,12,11,15,11,2034,424,2,3,"Medium","High",1,"Lean (185+)",67,57,72,74,76,78,3,"Bologna
"
"F. Delph","Everton","F. Delph","€9.50m","Midfield","Premier League","Central Midfield",40,26,28,"€529.10m","Premier League",8,38,15,9,14,"54:46",8,54,28,78,78,183427,174,78,"Left",79,"CM",0,"Jul 17, 2015","N/A",8e+06,1e+05,14800000,338,73,64,60,82,59,360,77,72,53,76,82,399,75,72,87,79,86,376,82,67,87,65,75,370,84,77,71,73,65,76,230,74,79,77,50,10,9,14,11,6,2123,448,3,3,"Medium","High",2,"Lean (170-185)",73,70,76,80,75,74,1,"Manchester City
"
"F. Mendy","Real Madrid","F. Mendy","€48.00m","Defence","LaLiga","Left-Back",36,24.7,15,"€896.10m","LaLiga",16,38,10,11,17,"32:51",-19,41,29,72,72,212408,194,82,"Right",71,"ST",0,"Jul 11, 2018","N/A",3100000,7000,6500000,329,42,73,82,61,71,273,65,53,48,43,64,320,67,63,53,71,66,369,77,72,80,85,55,312,79,25,74,67,67,70,75,29,26,20,47,10,7,10,10,10,1725,368,3,3,"Medium","Medium",1,"Normal (185+)",65,70,55,64,32,82,1,"Vitória FC
"
"F. Mendy","Real Madrid","F. Mendy","€48.00m","Defence","LaLiga","Left-Back",36,24.7,15,"€896.10m","LaLiga",16,38,10,11,17,"32:51",-19,41,23,79,86,228618,178,73,"Left",78,"LM",7,"Jul 1, 2017","N/A",1.5e+07,50000,31500000,333,74,63,69,77,50,337,80,71,35,76,75,417,90,88,79,80,80,376,69,78,88,77,64,355,78,75,80,73,49,78,220,69,75,76,51,7,16,9,10,9,2089,457,5,4,"High","Medium",1,"Normal (170-185)",89,64,73,78,73,80,4,"Olympique Lyonnais
"
"F. Mendy","Real Madrid","F. Mendy","€48.00m","Defence","LaLiga","Left-Back",36,24.7,15,"€896.10m","LaLiga",3,38,21,5,12,"63:46",17,68,29,72,72,212408,194,82,"Right",71,"ST",0,"Jul 11, 2018","N/A",3100000,7000,6500000,329,42,73,82,61,71,273,65,53,48,43,64,320,67,63,53,71,66,369,77,72,80,85,55,312,79,25,74,67,67,70,75,29,26,20,47,10,7,10,10,10,1725,368,3,3,"Medium","Medium",1,"Normal (185+)",65,70,55,64,32,82,1,"Vitória FC
"
"F. Mendy","Real Madrid","F. Mendy","€48.00m","Defence","LaLiga","Left-Back",36,24.7,15,"€896.10m","LaLiga",3,38,21,5,12,"63:46",17,68,23,79,86,228618,178,73,"Left",78,"LM",7,"Jul 1, 2017","N/A",1.5e+07,50000,31500000,333,74,63,69,77,50,337,80,71,35,76,75,417,90,88,79,80,80,376,69,78,88,77,64,355,78,75,80,73,49,78,220,69,75,76,51,7,16,9,10,9,2089,457,5,4,"High","Medium",1,"Normal (170-185)",89,64,73,78,73,80,4,"Olympique Lyonnais
"
"F. Mendy","Real Madrid","F. Mendy","€48.00m","Defence","LaLiga","Left-Back",36,24.7,15,"€896.10m","LaLiga",9,38,13,11,14,"45:46",-1,50,29,72,72,212408,194,82,"Right",71,"ST",0,"Jul 11, 2018","N/A",3100000,7000,6500000,329,42,73,82,61,71,273,65,53,48,43,64,320,67,63,53,71,66,369,77,72,80,85,55,312,79,25,74,67,67,70,75,29,26,20,47,10,7,10,10,10,1725,368,3,3,"Medium","Medium",1,"Normal (185+)",65,70,55,64,32,82,1,"Vitória FC
"
"F. Mendy","Real Madrid","F. Mendy","€48.00m","Defence","LaLiga","Left-Back",36,24.7,15,"€896.10m","LaLiga",9,38,13,11,14,"45:46",-1,50,23,79,86,228618,178,73,"Left",78,"LM",7,"Jul 1, 2017","N/A",1.5e+07,50000,31500000,333,74,63,69,77,50,337,80,71,35,76,75,417,90,88,79,80,80,376,69,78,88,77,64,355,78,75,80,73,49,78,220,69,75,76,51,7,16,9,10,9,2089,457,5,4,"High","Medium",1,"Normal (170-185)",89,64,73,78,73,80,4,"Olympique Lyonnais
"
"Fernando","Sevilla","Fernando","€4.50m","Midfield","LaLiga","Defensive Midfield",38,26.1,21,"€306.30m","LaLiga",6,38,17,8,13,"62:47",15,59,30,80,80,184134,183,76,"Right",79,"CDM",0,"Aug 4, 2017","N/A",1.1e+07,60000,20900000,308,62,54,72,79,41,336,68,65,53,76,74,328,61,62,71,77,57,383,76,74,83,82,68,347,84,82,59,68,54,76,240,77,82,81,5,1,1,1,1,1,1947,425,2,3,"Medium","Medium",2,"Lean (170-185)",62,61,71,70,79,82,1,"Galatasaray
"
"Fernando","Sevilla","Fernando","€4.50m","Midfield","LaLiga","Defensive Midfield",38,26.1,21,"€306.30m","LaLiga",6,38,17,8,13,"62:47",15,59,26,78,80,202642,175,80,"Right",77,"CDM",2,"Jul 18, 2016","N/A",10500000,20000,23900000,311,60,63,62,81,45,394,70,82,84,82,76,374,70,76,74,73,81,381,76,80,80,69,76,343,80,80,47,75,61,70,224,69,78,77,52,16,9,13,8,6,2079,437,3,3,"Medium","Medium",1,"Stocky (170-185)",73,66,76,73,74,75,2,"Beijing Guoan
"
"Fernando","Sevilla","Fernando","€4.50m","Midfield","LaLiga","Defensive Midfield",38,26.1,21,"€306.30m","LaLiga",6,38,17,8,13,"62:47",15,59,19,71,85,244389,176,72,"Right",72,"RW",14,"Jul 1, 2018","N/A",5e+06,500,13600000,266,62,64,36,66,38,298,78,64,38,42,76,388,87,85,79,72,65,263,58,43,54,42,66,231,34,18,65,66,48,63,94,38,27,29,37,5,9,8,8,7,1577,357,3,3,"High","Medium",1,"Lean (170-185)",86,61,60,77,30,43,4,"Shakhtar Donetsk
"
"G. Fernandes","Tottenham Hotspur","G. Fernandes","Loan fee:","Midfield","Premier League","Central Midfield",34,25.4,20,"€898.60m","Premier League",4,38,23,2,13,"67:39",28,71,31,77,77,158438,179,70,"Right",76,"CDM",0,"Jul 1, 2017","N/A",6e+06,30000,10200000,304,62,51,63,73,55,312,64,57,55,69,67,333,66,60,66,74,67,357,67,70,90,75,55,345,87,79,61,68,50,71,227,80,78,69,56,14,6,13,10,13,1934,410,3,2,"Medium","High",2,"Lean (170-185)",63,56,68,66,76,81,1,"Eintracht Frankfurt
"
"G. Fernandes","Tottenham Hotspur","G. Fernandes","Loan fee:","Midfield","Premier League","Central Midfield",34,25.4,20,"€898.60m","Premier League",4,38,23,2,13,"67:39",28,71,19,75,85,234568,181,71,"Right",74,"CAM",10,"Jul 20, 2015","N/A",10500000,6000,23100000,335,71,64,61,75,64,361,75,68,70,72,76,385,81,78,79,76,71,381,80,71,80,73,77,351,78,68,71,73,61,74,218,71,74,73,45,9,15,7,9,5,2076,445,3,3,"High","High",1,"Lean (170-185)",79,70,73,76,71,76,4,"Benfica
"
"G. Mancini","AS Roma","G. Mancini","Loan fee:","Defence","Serie A","Centre-Back",57,23.7,27,"€459.05m","Serie A",6,38,18,12,8,"66:48",18,66,22,74,85,229582,190,77,"Right",73,"CB",11,"Jan 12, 2017","N/A",8500000,20000,16200000,242,34,40,75,53,40,212,41,38,34,40,59,275,55,58,37,68,57,292,51,69,62,76,34,269,76,75,32,39,47,58,227,77,76,74,47,13,12,8,6,8,1564,337,3,2,"Medium","Medium",1,"Lean (185+)",57,41,43,48,76,72,1,"Atalanta
"
"G. Pereiro","Cagliari Calcio","G. Pereiro","€4.60m","Midfield","Serie A","Attacking Midfield",49,25.9,18,"€155.38m","Serie A",15,38,10,11,17,"36:54",-18,41,23,77,82,229636,188,76,"Left",77,"CAM",5,"Jul 15, 2015","N/A",1.2e+07,15000,17700000,362,73,73,73,75,68,379,79,74,73,70,83,348,69,75,74,74,56,369,81,70,67,75,76,309,57,30,75,77,70,76,112,36,40,36,54,7,15,10,10,12,1933,408,2,3,"Medium","Low",2,"Normal (185+)",72,75,74,78,40,69,1,"PSV
"
"G. Simeone","Cagliari Calcio","G. Simeone","Loan fee:","Forward","Serie A","Centre-Forward",49,25.9,18,"€155.38m","Serie A",15,38,10,11,17,"36:54",-18,41,22,78,85,216816,180,81,"Right",77,"ST",7,"Aug 16, 2017","N/A",1.5e+07,50000,28500000,339,40,79,80,68,72,336,76,69,60,55,76,383,79,78,76,76,74,375,79,84,74,72,66,305,70,24,80,60,71,76,106,51,29,26,61,12,15,9,14,11,1905,401,3,3,"High","High",2,"Normal (170-185)",78,76,59,76,39,73,4,"Fiorentina
"
"Galeno","SC Braga","Galeno","€3.50m","Forward","Liga NOS","Left Winger",29,25.6,15,"€99.00m","LigaNOS",4,34,21,4,9,"56:37",19,67,20,75,85,239482,182,72,"Right",75,"RW",10,"Jul 1, 2017","Jun 30, 2019",1.1e+07,9000,0,303,67,68,41,68,59,350,80,73,68,53,76,393,86,84,77,76,70,349,74,65,76,64,70,294,52,41,73,69,59,80,86,22,35,29,58,13,6,13,11,15,1833,395,3,4,"Medium","Medium",1,"Lean (170-185)",85,69,66,78,32,65,NA,"Rio Ave
Jun 30, 2019 On loan"
"Gerson","CR Flamengo","Gerson","€13.00m","Midfield","Série A","Central Midfield",47,23.2,7,"€70.68m","CampeonatoBrasileiroSerieA",2,38,21,9,8,"59:29",30,72,21,74,82,229927,184,72,"Left",73,"CAM",8,"Jul 11, 2016","Jun 30, 2019",8e+06,30000,0,307,66,58,46,81,56,364,75,75,57,73,84,369,69,73,77,72,78,311,61,64,68,67,51,317,68,54,67,73,55,70,187,67,62,58,58,14,13,13,9,9,1913,407,2,3,"Medium","Medium",1,"Lean (170-185)",71,57,74,78,60,67,NA,"Fiorentina
Jun 30, 2019 On loan"
"H. Lozano","SSC Napoli","H. Lozano","€45.00m","Forward","Serie A","Right Winger",54,24.3,27,"€646.80m","Serie A",2,38,24,7,7,"74:36",38,79,22,82,87,221992,175,70,"Right",81,"RW",5,"Jul 21, 2017","N/A",29500000,20000,43500000,359,75,77,58,74,75,369,84,72,65,67,81,436,94,93,91,82,76,358,76,67,80,59,76,331,64,45,78,75,69,77,106,42,35,29,59,11,10,14,14,10,2018,432,4,4,"High","Low",3,"Lean (170-185)",93,76,73,83,41,66,4,"PSV
"
"H. Maguire","Manchester United","H. Maguire","€87.00m","Defence","Premier League","Centre-Back",36,25.3,22,"€797.60m","Premier League",6,38,19,9,10,"65:54",11,66,25,82,85,203263,194,100,"Right",81,"CB",3,"Jun 15, 2017","N/A",23500000,80000,46400000,292,44,43,87,77,41,302,70,38,46,72,76,289,42,56,54,79,58,345,68,76,68,88,45,327,84,78,61,60,44,79,246,81,84,81,62,14,16,9,14,9,1863,396,3,2,"High","High",1,"Stocky (185+)",50,49,63,70,82,82,4,"Leicester City
"
"H. Mkhitaryan","AS Roma","H. Mkhitaryan","Loan fee:","Midfield","Serie A","Attacking Midfield",57,23.7,27,"€459.05m","Serie A",6,38,18,12,8,"66:48",18,66,29,82,82,192883,177,75,"Right",81,"CAM",0,"Jan 22, 2018","N/A",21500000,130000,40900000,361,77,73,53,80,78,388,83,83,66,71,85,412,84,78,86,79,85,367,84,69,81,60,73,368,69,62,82,83,72,76,149,41,53,55,42,5,11,14,5,7,2087,438,5,4,"High","High",3,"Normal (170-185)",81,76,78,84,51,68,2,"Arsenal
"
"H. Wolf","RB Leipzig","H. Wolf","€12.00m","Forward","Bundesliga","Left Winger",34,22.6,22,"€479.00m","Bundesliga",3,34,19,9,6,"63:29",34,66,19,74,85,236935,179,69,"Left",74,"CAM",11,"Jul 1, 2017","N/A",9500000,15000,16200000,318,62,68,56,72,60,357,80,73,64,63,77,390,84,81,79,72,74,329,68,73,67,56,65,299,54,38,72,69,66,74,94,23,36,35,50,13,10,13,6,8,1837,388,3,4,"Medium","Medium",1,"Lean (170-185)",82,67,68,78,34,59,1,"Salzburg
"
"I. Bebou","TSG 1899 Hoffenheim","I. Bebou","€8.50m","Forward","Bundesliga","Centre-Forward",38,24.4,22,"€336.25m","Bundesliga",9,34,13,12,9,"70:52",18,51,24,77,80,216258,183,77,"Right",77,"RW",3,"Aug 31, 2017","N/A",11500000,30000,21600000,333,68,74,55,73,63,323,83,63,46,53,78,418,91,95,84,73,75,341,66,69,79,63,64,283,43,31,74,68,67,66,94,26,35,33,55,10,11,12,11,11,1847,406,3,4,"High","Medium",1,"Lean (170-185)",93,70,66,81,33,63,2,"Hannover 96
"
"I. Bennacer","AC Milan","I. Bennacer","€17.20m","Midfield","Serie A","Defensive Midfield",45,24.4,22,"€578.48m","Serie A",5,38,19,11,8,"55:36",19,68,20,73,83,226754,173,64,"Left",72,"CAM",10,"Aug 21, 2017","N/A",6500000,10000,1.3e+07,356,70,69,70,75,72,359,73,70,71,71,74,368,70,72,73,74,79,351,73,72,77,59,70,328,58,62,69,71,68,74,189,62,64,63,62,9,12,10,16,15,2013,415,3,3,"Medium","Medium",1,"Lean (170-185)",71,70,72,74,64,64,2,"Empoli
"
"I. Cavaleiro","Fulham","I. Cavaleiro","€11.80m","Forward","Championship","Left Winger",33,25.7,26,"€254.25m","Premier League",19,38,7,5,26,"34:81",-47,26,24,75,78,212267,175,80,"Right",75,"RW",3,"Aug 31, 2016","N/A",8500000,50000,16800000,333,72,70,61,68,62,350,79,74,56,63,78,396,86,87,77,71,75,330,78,46,64,75,67,321,68,37,72,72,72,62,107,25,46,36,62,13,15,12,9,13,1899,412,4,4,"High","Medium",1,"Normal (170-185)",87,71,69,78,38,69,2,"Wolverhampton Wanderers
"
"I. Cavaleiro","Fulham","I. Cavaleiro","Loan fee:","Forward","Championship","Left Winger",33,25.7,26,"€254.25m","Premier League",19,38,7,5,26,"34:81",-47,26,24,75,78,212267,175,80,"Right",75,"RW",3,"Aug 31, 2016","N/A",8500000,50000,16800000,333,72,70,61,68,62,350,79,74,56,63,78,396,86,87,77,71,75,330,78,46,64,75,67,321,68,37,72,72,72,62,107,25,46,36,62,13,15,12,9,13,1899,412,4,4,"High","Medium",1,"Normal (170-185)",87,71,69,78,38,69,2,"Wolverhampton Wanderers
"
"I. Mbenza","Huddersfield Town","I. Mbenza","€12.50m","Forward","Championship","Right Winger",33,25.3,21,"€137.45m","Premier League",20,38,3,7,28,"22:76",-54,16,22,72,80,227667,187,77,"Right",72,"RW",8,"Jan 30, 2017","Jun 30, 2019",4600000,30000,0,329,72,69,59,70,59,350,75,74,64,67,70,374,86,87,77,64,60,362,78,75,65,74,70,255,47,21,72,60,55,64,102,47,30,25,50,9,6,13,6,16,1822,399,3,3,"Medium","Medium",1,"Lean (185+)",87,70,68,72,36,66,NA,"Huddersfield Town
Jun 30, 2019 On loan"
"I. Pussetto","Watford","I. Pussetto","€8.50m","Forward","Premier League","Right Winger",39,26.2,32,"€239.10m","Premier League",11,38,14,8,16,"52:59",-7,50,22,76,84,219536,180,74,"Right",75,"ST",8,"Jul 23, 2018","N/A",11500000,20000,21900000,342,65,78,67,68,64,309,80,43,42,67,77,368,79,78,77,68,66,364,74,71,78,74,67,248,33,12,79,55,69,69,68,25,18,25,52,6,14,11,11,10,1751,384,4,3,"High","Medium",1,"Lean (170-185)",78,74,62,78,25,67,4,"Udinese
"
"I. Sarr","Watford","I. Sarr","€30.00m","Forward","Premier League","Right Winger",39,26.2,32,"€239.10m","Premier League",11,38,14,8,16,"52:59",-7,50,20,77,88,235353,185,76,"Right",77,"RW",11,"Jul 26, 2017","N/A",15500000,20000,32600000,330,68,73,44,69,76,350,81,78,55,59,77,414,94,93,79,74,74,351,84,48,73,66,80,274,53,17,75,71,58,75,62,25,16,21,49,14,13,7,6,9,1830,401,2,4,"High","Medium",1,"Lean (185+)",93,76,67,79,22,64,2,"Rennes
"
"J. Aidoo","Celta de Vigo","J. Aidoo","€8.00m","Defence","LaLiga","Centre-Back",30,25.3,19,"€234.10m","LaLiga",17,38,10,11,17,"53:62",-9,41,22,74,81,230021,178,83,"Right",73,"CB",7,"Jul 25, 2017","N/A",7e+06,10000,11900000,190,29,18,74,48,21,177,35,24,28,42,48,353,75,79,63,65,71,315,40,86,78,88,23,240,90,71,25,23,31,63,218,70,76,72,45,11,6,9,13,6,1538,342,2,2,"Medium","High",1,"Normal (170-185)",77,25,36,45,73,86,1,"Genk
"
"J. Bowen","West Ham United","J. Bowen","€21.30m","Forward","Premier League","Right Winger",37,26.6,23,"€359.00m","Premier League",10,38,15,7,16,"52:55",-3,52,21,75,83,224371,175,70,"Left",75,"LM",8,"Jul 1, 2014","N/A",1e+07,20000,2.1e+07,325,67,76,62,67,53,350,78,69,67,61,75,395,81,78,79,74,83,341,66,62,77,63,73,303,52,34,78,71,68,72,125,49,40,36,53,14,8,14,10,7,1892,402,3,4,"Medium","Medium",1,"Lean (170-185)",79,72,67,77,43,64,1,"Hull City
"
"J. Brandt","Borussia Dortmund","J. Brandt","€25.00m","Midfield","Bundesliga","Attacking Midfield",34,24.4,19,"€643.25m","Bundesliga",2,34,23,7,4,"81:44",37,76,22,83,88,212194,186,84,"Right",83,"CAM",5,"Jan 1, 2014","N/A",34500000,70000,61200000,354,78,78,42,85,71,383,87,77,59,74,86,404,78,84,82,82,78,369,80,63,76,72,78,294,42,34,79,85,54,77,93,39,26,28,55,11,16,11,8,9,1952,424,4,4,"Medium","Medium",2,"Normal (185+)",81,77,80,86,33,67,2,"Bayer 04 Leverkusen
"
"J. Brownhill","Burnley","J. Brownhill","€10.00m","Midfield","Premier League","Central Midfield",33,28.1,14,"€197.25m","Premier League",15,38,11,7,20,"45:68",-23,40,22,72,79,220659,178,69,"Right",71,"CM",7,"Jul 1, 2016","N/A",4300000,30000,9e+06,311,65,62,65,69,50,342,69,63,70,69,71,357,70,75,70,71,71,386,78,78,88,69,73,316,70,67,70,69,40,69,193,63,69,61,47,8,11,12,7,9,1952,417,3,3,"High","Medium",1,"Normal (170-185)",73,66,68,70,66,74,2,"Bristol City
"
"J. Gbamin","Everton","J. Gbamin","€25.00m","Midfield","Premier League","Defensive Midfield",40,26,28,"€529.10m","Premier League",8,38,15,9,14,"54:46",8,54,22,79,84,214947,186,83,"Right",78,"CDM",5,"Jul 13, 2016","N/A",14500000,30000,27200000,303,69,40,71,78,45,348,75,62,60,74,77,371,76,85,68,76,66,396,82,77,83,83,71,341,85,79,65,72,40,72,230,79,80,71,56,11,13,8,14,10,2045,446,3,3,"Medium","High",1,"Normal (185+)",81,56,73,75,78,83,4,"FSV Mainz 05
"
"J. Larsen","TSG 1899 Hoffenheim","J. Larsen","€9.00m","Forward","Bundesliga","Left Winger",38,24.4,22,"€336.25m","Bundesliga",9,34,13,12,9,"70:52",18,51,19,74,85,227503,183,75,"Right",74,"RW",11,"Oct 26, 2016","N/A",9500000,20000,18100000,341,69,74,61,74,63,335,75,69,62,54,75,390,81,85,76,75,73,352,77,67,72,73,63,317,73,58,74,68,44,66,153,55,55,43,53,14,6,11,11,11,1941,423,4,3,"Medium","Medium",1,"Normal (170-185)",83,70,68,75,55,72,2,"Borussia Dortmund
"
"J. McCarthy","Crystal Palace","J. McCarthy","€3.30m","Midfield","Premier League","Central Midfield",36,26.4,21,"€289.00m","Premier League",12,38,14,7,17,"51:53",-2,49,27,76,76,188253,180,72,"Right",75,"CDM",0,"Sep 2, 2013","N/A",6500000,70000,12400000,326,68,55,63,79,61,352,74,64,64,76,74,322,60,58,64,70,70,327,67,65,60,71,64,355,82,78,63,72,60,74,225,76,75,74,54,12,11,8,10,13,1961,410,4,3,"Medium","High",2,"Normal (170-185)",59,60,73,73,75,70,1,"Everton
"
"J. Pedro","Watford","J. Pedro","€11.50m","Forward","Premier League","Centre-Forward",39,26.2,32,"€239.10m","Premier League",11,38,14,8,16,"52:59",-7,50,21,71,79,225563,179,73,"Right",70,"RWB",8,"Jul 1, 2018","N/A",3e+06,6000,6600000,282,73,49,56,68,36,323,73,71,46,62,71,367,78,77,76,70,66,269,39,66,67,62,35,302,64,67,66,56,49,56,210,71,71,68,57,10,13,9,12,13,1810,390,2,3,"Medium","Medium",1,"Normal (170-185)",77,44,65,72,68,64,4,"Porto
"
"J. Pedro","Watford","J. Pedro","€11.50m","Forward","Premier League","Centre-Forward",39,26.2,32,"€239.10m","Premier League",11,38,14,8,16,"52:59",-7,50,26,76,77,199254,184,73,"Right",76,"RW",1,"Sep 1, 2014","N/A",9e+06,30000,1.6e+07,354,69,75,61,77,72,348,75,70,57,69,77,361,75,76,73,76,61,362,77,73,75,64,73,344,76,42,79,75,72,72,102,30,44,28,60,14,16,7,11,12,1931,408,4,4,"High","Medium",1,"Lean (170-185)",76,75,72,75,40,70,3,"Cagliari
"
"J. Weigl","SL Benfica","J. Weigl","€20.00m","Midfield","Liga NOS","Defensive Midfield",33,25.1,22,"€383.00m","LigaNOS",1,34,28,3,3,"103:31",72,87,22,80,84,222028,186,72,"Right",79,"CDM",4,"Jul 1, 2015","N/A",16500000,50000,29300000,303,58,41,63,85,56,345,74,63,46,83,79,349,72,55,77,80,65,307,48,68,78,61,52,333,64,84,56,77,52,81,233,78,79,76,54,6,14,16,11,7,1924,405,3,3,"Medium","Medium",3,"Lean (185+)",63,47,75,76,78,66,2,"Borussia Dortmund
"
"Joelinton","Newcastle United","Joelinton","€44.00m","Midfield","Premier League","Attacking Midfield",37,26,23,"€244.65m","Premier League",13,38,12,9,17,"42:48",-6,45,21,77,83,223334,186,82,"Right",76,"ST",6,"Jul 1, 2015","N/A",12500000,30000,23800000,332,44,78,73,73,64,301,78,52,38,56,77,369,77,79,73,71,69,374,78,75,74,85,62,324,78,45,76,64,61,73,111,29,44,38,56,9,13,8,13,13,1867,409,4,3,"High","High",1,"Normal (185+)",78,73,60,76,42,80,3,"TSG Hoffenheim
"
"K. Danso","Southampton","K. Danso","Loan fee:","Defence","Premier League","Centre-Back",40,24.9,19,"€305.40m","Premier League",16,38,9,12,17,"45:65",-20,39,19,70,79,237985,190,89,"Right",69,"CB",9,"Mar 3, 2017","N/A",2300000,6000,4600000,219,39,26,74,49,31,213,47,35,31,44,56,305,55,73,64,62,51,275,49,67,55,79,25,237,73,62,28,35,39,59,214,69,74,71,57,12,13,6,11,15,1520,331,3,2,"Medium","Medium",1,"Normal (185+)",65,31,42,52,70,71,5,"FC Augsburg
"
"K. Demirbay","Bayer 04 Leverkusen","K. Demirbay","€32.00m","Midfield","Bundesliga","Central Midfield",31,24.6,16,"€429.40m","Bundesliga",4,34,18,4,12,"69:52",17,58,24,82,85,211748,182,72,"Left",81,"CAM",3,"Jul 13, 2016","N/A",27500000,40000,48800000,336,72,74,46,85,59,418,85,85,81,82,85,372,67,67,78,83,77,371,77,72,77,68,77,365,69,64,78,84,70,77,178,65,59,54,68,14,15,11,14,14,2108,438,4,4,"Medium","Medium",2,"Lean (170-185)",67,74,82,84,60,71,3,"TSG Hoffenheim
"
"K. Djidji","Torino","K. Djidji","€3.00m","Defence","Serie A","Centre-Back",62,23.7,29,"€239.23m","Serie A",7,38,16,15,7,"52:37",15,63,25,75,77,203884,184,81,"Right",74,"CB",2,"May 19, 2011","Jun 30, 2019",7e+06,30000,0,238,46,26,70,70,26,260,64,28,32,68,68,335,68,69,62,70,66,296,48,76,68,76,28,265,73,74,35,42,41,74,230,74,78,78,46,15,7,7,8,9,1670,369,3,3,"Low","High",1,"Normal (170-185)",69,32,55,65,75,73,NA,"Torino
Jun 30, 2019 On loan"
"K. Manolas","SSC Napoli","K. Manolas","€36.00m","Defence","Serie A","Centre-Back",54,24.3,27,"€646.80m","Serie A",2,38,24,7,7,"74:36",38,79,27,85,86,192774,189,83,"Right",83,"CB",1,"Aug 26, 2014","N/A",36500000,1e+05,64800000,193,27,10,80,60,16,220,54,30,10,61,65,377,83,85,68,82,59,296,40,86,76,82,12,245,86,86,25,22,26,82,263,87,87,89,49,8,6,8,15,12,1643,372,2,2,"Low","High",3,"Normal (185+)",84,18,42,60,86,82,3,"Roma
"
"K. Mbabu","VfL Wolfsburg","K. Mbabu","€9.20m","Defence","Bundesliga","Right-Back",36,25.1,21,"€229.25m","Bundesliga",6,34,16,7,11,"62:50",12,55,23,77,83,210625,184,83,"Right",76,"RB",6,"Jul 1, 2017","N/A",1e+07,20000,1.7e+07,299,76,47,65,72,39,312,71,64,38,65,74,401,90,92,78,69,72,362,66,78,91,83,44,320,74,71,72,68,35,71,219,69,76,74,50,8,7,7,14,14,1963,438,3,3,"High","Medium",1,"Normal (170-185)",91,50,69,73,72,83,1,"Young Boys
"
"K. Omeruo","CD Leganés","K. Omeruo","€5.00m","Defence","LaLiga","Centre-Back",38,25.9,19,"€112.45m","LaLiga",13,38,11,12,15,"37:43",-6,45,24,73,80,207624,185,81,"Right",72,"CB",7,"Jan 12, 2012","N/A",4800000,20000,11100000,230,47,22,71,63,27,220,53,24,23,60,60,335,67,75,65,72,56,331,54,90,74,82,31,249,76,70,34,34,35,70,210,68,73,69,55,9,8,16,7,15,1630,359,3,2,"Low","Medium",1,"Normal (185+)",71,32,50,57,70,79,1,"Leganés
"
"L. Dendoncker","Wolverhampton Wanderers","L. Dendoncker","€13.80m","Midfield","Premier League","Defensive Midfield",40,24.1,26,"€302.90m","Premier League",7,38,16,9,13,"47:46",1,57,23,79,85,212501,189,88,"Right",78,"CDM",6,"Mar 1, 2012","Jun 30, 2019",14500000,60000,0,369,75,66,78,79,71,365,70,72,71,78,74,319,61,68,59,73,58,405,86,67,89,87,76,345,74,78,73,76,44,75,230,76,78,76,56,14,8,14,14,6,2089,445,4,2,"High","High",2,"Normal (185+)",65,72,77,70,77,84,NA,"Wolverhampton Wanderers
Jun 30, 2019 On loan"
"L. Gustavo","Fenerbahce","L. Gustavo","€6.00m","Midfield","Süper Lig","Defensive Midfield",47,26.1,20,"€103.50m","SuperLig",6,34,11,13,10,"44:44",0,46,30,82,82,185221,187,78,"Left",80,"CDM",0,"Jul 4, 2017","N/A",16500000,60000,31400000,316,63,48,72,79,54,319,68,42,60,76,73,335,63,62,65,83,62,393,78,76,85,81,73,351,88,83,53,69,58,84,247,82,81,84,52,10,6,11,12,13,2013,427,3,3,"Medium","High",3,"Lean (185+)",62,60,71,70,81,83,2,"Olympique Marseille
"
"L. Lerager","Genoa CFC","L. Lerager","€6.00m","Midfield","Serie A","Central Midfield",69,23.8,35,"€191.73m","Serie A",17,38,8,14,16,"39:57",-18,38,24,75,78,217605,188,85,"Right",74,"CM",3,"Jul 1, 2017","Jun 30, 2019",8500000,15000,0,341,62,66,74,76,63,303,68,47,43,71,74,319,62,67,63,74,53,369,72,74,86,69,68,345,76,75,72,74,48,67,204,67,71,66,54,7,7,14,13,13,1935,415,3,3,"High","High",1,"Lean (185+)",65,67,69,69,70,75,NA,"Genoa
Jun 30, 2019 On loan"
"L. Mancuso","Empoli","L. Mancuso","€4.50m","Forward","Serie B","Centre-Forward",59,24.1,24,"€105.60m","Serie A",18,38,10,8,20,"51:70",-19,38,26,71,72,224508,182,77,"Right",71,"RW",1,"Feb 2, 2018","Jun 30, 2019",2800000,4000,0,330,65,70,58,67,70,303,70,63,41,57,72,388,72,83,80,72,81,355,69,64,89,66,67,295,50,36,75,66,68,70,82,40,22,20,51,5,12,10,13,11,1804,384,4,3,"Medium","Medium",1,"Lean (170-185)",78,69,63,72,34,68,NA,"Pescara
Jun 30, 2019 On loan"
"L. Muriel","Atalanta BC","L. Muriel","€21.20m","Forward","Serie A","Centre-Forward",88,22.7,29,"€367.68m","Serie A",3,38,20,9,9,"77:46",31,69,27,80,80,199110,179,79,"Right",80,"ST",0,"Jul 11, 2017","Jun 30, 2019",1.6e+07,70000,0,355,62,78,65,75,75,360,85,77,60,55,83,419,86,89,85,79,80,358,80,62,74,77,65,294,50,16,81,73,74,75,72,26,24,22,48,8,10,10,14,6,1906,413,4,4,"High","Medium",2,"Stocky (170-185)",88,76,68,84,27,70,NA,"Fiorentina
Jun 30, 2019 On loan"
"L. Ocampos","Sevilla","L. Ocampos","€15.00m","Forward","LaLiga","Left Winger",38,26.1,21,"€306.30m","LaLiga",6,38,17,8,13,"62:47",15,59,23,77,80,205632,187,84,"Right",76,"LM",3,"Jul 1, 2015","N/A",11500000,40000,22700000,374,75,73,77,74,75,357,74,72,65,70,76,375,78,79,77,83,58,389,77,76,89,78,69,362,83,67,71,71,70,76,163,63,52,48,53,11,8,15,12,7,2073,441,3,4,"High","High",2,"Normal (185+)",79,73,72,75,60,82,1,"Olympique Marseille
"
"L. Pellegrini","Juventus","L. Pellegrini","€22.00m","Defence","Serie A","Left-Back",59,25,25,"€871.05m","Serie A",1,38,28,6,4,"70:30",40,90,22,79,87,228251,186,77,"Right",78,"CM",8,"Jul 1, 2017","N/A",18500000,60000,35200000,358,74,60,71,84,69,365,77,70,58,80,80,361,77,74,68,73,69,360,76,67,76,69,72,348,71,70,74,80,53,79,216,70,74,72,53,12,7,10,13,11,2061,439,3,3,"High","Medium",2,"Normal (185+)",75,66,79,76,72,71,3,"Roma
"
"L. Pereira","CR Flamengo","L. Pereira","€7.00m","Defence","Série A","Centre-Back",47,23.2,7,"€70.68m","CampeonatoBrasileiroSerieA",2,38,21,9,8,"59:29",30,72,26,71,71,222741,190,76,"Right",70,"ST",0,"Jan 15, 2019","N/A",2600000,10000,3200000,313,44,70,73,62,64,268,66,46,39,47,70,297,66,67,65,64,35,366,75,73,71,86,61,278,59,21,70,57,71,69,88,36,22,30,54,11,9,10,10,14,1664,362,2,3,"Medium","Medium",1,"Lean (185+)",67,69,53,65,32,76,4,"Sanfrecce Hiroshima
"
"L. Spinazzola","AS Roma","L. Spinazzola","€29.50m","Defence","Serie A","Left-Back",57,23.7,27,"€459.05m","Serie A",6,38,18,12,8,"66:48",18,66,25,78,79,202884,186,75,"Right",79,"RWB",1,"Jul 1, 2010","N/A",12500000,90000,21600000,337,78,60,62,78,59,336,81,62,41,72,80,378,79,85,77,76,61,369,68,76,89,68,68,349,68,76,74,72,59,76,232,76,78,78,65,11,13,12,15,14,2066,447,4,3,"Medium","Medium",2,"Lean (185+)",82,64,73,79,75,74,3,"Juventus
"
"L. Stulac","Empoli","L. Stulac","€2.50m","Midfield","Serie B","Defensive Midfield",59,24.1,24,"€105.60m","Serie A",18,38,10,8,20,"51:70",-19,38,23,71,79,240095,175,70,"Right",70,"CDM",8,"Jul 1, 2018","N/A",3e+06,20000,6e+06,311,60,52,55,77,67,335,60,70,66,70,69,352,69,71,74,66,72,358,76,64,71,69,78,319,70,67,64,68,50,61,203,64,70,69,58,13,5,12,13,15,1936,403,3,2,"Medium","Medium",1,"Lean (170-185)",70,63,70,65,66,69,4,"Parma
"
"L. Tousart","Hertha BSC","L. Tousart","€25.00m","Midfield","Bundesliga","Defensive Midfield",36,24.4,19,"€207.63m","Bundesliga",11,34,11,10,13,"49:57",-8,43,21,79,84,227234,185,83,"Right",79,"CB",5,"Aug 31, 2015","N/A",14500000,40000,28600000,294,56,42,76,77,43,285,61,36,45,70,73,328,65,61,59,75,68,382,76,81,85,82,58,333,85,82,51,67,48,68,233,77,82,74,67,11,15,16,10,15,1922,409,3,2,"Medium","High",2,"Normal (185+)",63,53,66,65,79,83,4,"Olympique Lyonnais
"
"L. Trossard","Brighton & Hove Albion","L. Trossard","€15.56m","Forward","Premier League","Left Winger",41,25.8,29,"€194.35m","Premier League",17,38,9,9,20,"35:60",-25,36,23,79,83,207421,172,67,"Right",79,"RW",4,"Jan 1, 2012","N/A",16500000,20000,2.6e+07,370,75,80,64,75,76,382,83,81,69,68,81,416,91,76,92,70,87,384,77,89,73,60,85,286,47,18,75,71,75,84,79,30,31,18,47,14,8,11,7,7,1964,411,4,4,"High","Medium",1,"Lean (170-185)",83,80,73,83,30,62,2,"Genk
"
"M. Braithwaite","CD Leganés","M. Braithwaite","€5.00m","Forward","LaLiga","Centre-Forward",38,25.9,19,"€112.45m","LaLiga",13,38,11,12,15,"37:43",-6,45,27,75,75,193290,177,73,"Right",74,"ST",0,"Jul 13, 2017","Jun 30, 2019",7e+06,30000,0,351,68,73,66,71,73,362,75,71,75,65,76,386,76,78,84,72,76,382,76,84,77,76,69,316,69,31,75,68,73,76,91,35,30,26,53,14,13,11,7,8,1941,405,4,4,"Medium","High",2,"Normal (170-185)",77,73,69,76,35,75,NA,"Leganés
Jun 30, 2019 On loan"
"M. Clarke","Brighton & Hove Albion","M. Clarke","€3.90m","Defence","Premier League","Centre-Back",41,25.8,29,"€194.35m","Premier League",17,38,9,9,20,"35:60",-25,36,21,70,83,221600,188,74,"Left",69,"CB",13,"Jul 1, 2016","N/A",3e+06,5000,7300000,240,45,30,69,60,36,250,60,36,36,60,58,285,52,58,47,59,69,321,57,72,73,86,33,281,78,63,50,56,34,72,207,70,69,68,54,11,6,14,12,11,1638,354,3,3,"High","Medium",1,"Normal (185+)",55,38,54,59,68,80,1,"Portsmouth
"
"M. Cuisance","Bayern Munich","M. Cuisance","€8.00m","Midfield","Bundesliga","Central Midfield",32,25.7,15,"€784.88m","Bundesliga",1,34,24,6,4,"88:32",56,78,18,72,85,239744,181,73,"Left",73,"CAM",13,"Jul 1, 2017","N/A",5500000,10000,12800000,328,79,59,49,78,63,382,75,85,75,73,74,369,79,66,84,66,74,326,78,59,64,47,78,303,57,48,61,76,61,62,165,49,61,55,57,9,14,11,8,15,1930,398,3,4,"High","Medium",1,"Normal (170-185)",72,67,77,75,53,54,4,"Borussia Mönchengladbach
"
"M. Cunha","Hertha BSC","M. Cunha","€18.00m","Forward","Bundesliga","Centre-Forward",36,24.4,19,"€207.63m","Bundesliga",11,34,11,10,13,"49:57",-8,43,19,73,86,240243,184,75,"Right",73,"ST",13,"Jul 1, 2018","N/A",7500000,20000,17400000,324,64,74,63,62,61,328,77,63,56,55,77,360,78,75,69,69,69,349,74,73,68,64,70,275,59,14,73,69,60,67,78,30,24,24,52,8,7,13,13,11,1766,378,4,4,"Medium","Medium",1,"Lean (170-185)",76,72,63,75,28,64,4,"RB Leipzig
"
"M. Dabbur","Sevilla","M. Dabbur","€17.00m","Forward","LaLiga","Centre-Forward",38,26.1,21,"€306.30m","LaLiga",6,38,17,8,13,"62:47",15,59,26,79,80,208498,182,76,"Right",78,"ST",1,"Jun 9, 2016","N/A",1.5e+07,50000,23600000,358,50,82,80,73,73,357,76,74,66,63,78,377,74,76,77,79,71,390,76,89,81,78,66,283,39,19,84,67,74,76,86,22,37,27,61,13,12,10,15,11,1912,398,4,4,"Medium","Low",2,"Normal (170-185)",75,77,65,77,32,72,2,"Salzburg
"
"M. Dabbur","TSG 1899 Hoffenheim","M. Dabbur","€12.00m","Forward","Bundesliga","Centre-Forward",38,24.4,22,"€336.25m","Bundesliga",9,34,13,12,9,"70:52",18,51,26,79,80,208498,182,76,"Right",78,"ST",1,"Jun 9, 2016","N/A",1.5e+07,50000,23600000,358,50,82,80,73,73,357,76,74,66,63,78,377,74,76,77,79,71,390,76,89,81,78,66,283,39,19,84,67,74,76,86,22,37,27,61,13,12,10,15,11,1912,398,4,4,"Medium","Low",2,"Normal (170-185)",75,77,65,77,32,72,2,"Salzburg
"
"M. Demiral","Juventus","M. Demiral","€19.50m","Defence","Serie A","Centre-Back",59,25,25,"€871.05m","Serie A",1,38,28,6,4,"70:30",40,90,20,73,83,238160,192,85,"Right",72,"CB",10,"Jan 31, 2019","Jun 30, 2019",5500000,20000,0,227,31,32,68,62,34,236,51,48,23,61,53,301,56,65,61,63,56,313,60,68,69,78,38,251,71,75,26,38,41,61,224,74,77,73,52,15,7,13,6,11,1604,349,3,2,"Medium","Medium",1,"Lean (185+)",61,39,48,53,74,74,NA,"Sassuolo
Jun 30, 2019 On loan"
"M. Diaby","Bayer 04 Leverkusen","M. Diaby","€15.00m","Forward","Bundesliga","Right Winger",31,24.6,16,"€429.40m","Bundesliga",4,34,18,4,12,"69:52",17,58,18,74,85,241852,170,65,"Left",73,"LM",11,"Jul 1, 2018","N/A",9e+06,30000,18500000,300,66,64,36,74,60,326,78,64,41,67,76,409,87,87,86,63,86,292,71,62,64,44,51,273,50,46,68,67,42,73,122,45,39,38,47,8,9,8,8,14,1769,388,2,4,"High","Medium",1,"Lean (170-)",87,62,68,78,42,51,1,"Paris Saint Germain
"
"M. Djenepo","Southampton","M. Djenepo","€15.70m","Forward","Premier League","Left Winger",40,24.9,19,"€305.40m","Premier League",16,38,9,12,17,"45:65",-20,39,20,73,84,237560,177,65,"Right",73,"RW",11,"Jul 1, 2017","N/A",7e+06,10000,11900000,321,68,73,57,66,57,333,78,64,59,59,73,419,88,90,89,68,84,347,65,90,71,58,63,269,64,33,68,59,45,66,100,32,37,31,54,12,9,9,14,10,1843,397,3,3,"Medium","Medium",1,"Lean (170-185)",89,67,64,77,36,64,0,"Standard Liège
"
"M. Fares","SPAL","M. Fares","€3.50m","Midfield","Serie A","Left Midfield",51,25.3,20,"€97.40m","Serie A",13,38,11,9,18,"44:56",-12,42,22,72,80,226356,183,75,"Left",71,"LM",8,"Jul 1, 2013","Jun 30, 2019",4600000,10000,0,316,75,59,58,66,58,327,75,69,48,60,75,383,82,80,76,70,75,335,68,58,75,72,62,326,68,66,65,63,64,65,200,65,67,68,59,8,12,10,15,14,1946,420,3,3,"High","High",1,"Lean (170-185)",81,62,66,75,65,71,NA,"SPAL
Jun 30, 2019 On loan"
"M. Fernandes","Barcelona","M. Fernandes","€7.00m","Midfield","LaLiga","Defensive Midfield",39,24.7,20,"€1.16bn","LaLiga",1,38,26,9,3,"90:36",54,87,32,79,79,157960,176,75,"Right",79,"CAM",0,"Jul 1, 2014","N/A",1e+07,2000,2.1e+07,358,77,70,62,80,69,387,83,79,70,72,83,393,83,76,82,76,76,380,81,74,72,71,82,361,68,68,75,77,73,77,199,62,69,68,61,14,14,9,16,8,2139,450,4,4,"High","Medium",2,"Normal (170-185)",79,75,77,82,66,71,1,"Lokomotiv Moskva
"
"M. Hector","Fulham","M. Hector","€5.90m","Defence","Championship","Centre-Back",33,25.7,26,"€254.25m","Premier League",19,38,7,5,26,"34:81",-47,26,25,71,74,200138,193,82,"Right",70,"CB",3,"Sep 1, 2015","N/A",2500000,15000,4900000,241,35,40,73,62,31,239,60,32,30,58,59,288,57,70,54,63,44,324,68,67,66,79,44,299,79,68,49,52,51,61,209,67,75,67,61,13,12,11,12,13,1661,365,3,2,"Medium","Medium",1,"Lean (185+)",64,47,51,58,70,75,1,"Sheffield Wednesday
"
"M. Hinteregger","Eintracht Frankfurt","M. Hinteregger","€9.00m","Defence","Bundesliga","Centre-Back",47,24.8,28,"€313.40m","Bundesliga",7,34,15,9,10,"60:48",12,54,25,79,81,201922,184,83,"Left",78,"CB",2,"Aug 31, 2016","Jun 30, 2019",1.3e+07,30000,0,291,53,48,78,63,49,318,54,58,63,81,62,332,63,73,62,72,62,394,83,85,72,83,71,345,82,76,61,65,61,65,243,79,83,81,60,14,14,9,13,10,1983,413,3,2,"High","Medium",2,"Stocky (170-185)",69,61,64,59,80,80,NA,"Eintracht Frankfurt
Jun 30, 2019 On loan"
"M. Hummels","Borussia Dortmund","M. Hummels","€30.50m","Defence","Bundesliga","Centre-Back",34,24.4,19,"€643.25m","Bundesliga",2,34,23,7,4,"81:44",37,76,29,88,88,178603,191,92,"Right",85,"CB",0,"Jul 1, 2016","N/A",4.6e+07,160000,75900000,347,64,55,87,81,60,352,68,65,53,85,81,306,47,56,58,87,58,340,71,68,66,84,51,364,69,92,56,79,68,91,266,90,89,87,42,15,6,10,5,6,2017,423,3,3,"High","Medium",4,"Normal (185+)",52,58,76,71,90,76,2,"FC Bayern München
"
"M. Kean","Everton","M. Kean","€27.50m","Forward","Premier League","Centre-Forward",40,26,28,"€529.10m","Premier League",8,38,15,9,14,"54:46",8,54,18,73,87,236610,182,79,"Right",72,"ST",14,"Aug 1, 2016","N/A",8500000,40000,19300000,309,42,75,65,59,68,298,75,66,43,38,76,370,75,79,75,72,69,341,71,68,69,75,58,256,45,21,74,51,65,72,71,27,28,16,47,13,8,10,7,9,1692,368,3,3,"Medium","Medium",1,"Normal (170-185)",77,70,50,75,29,67,1,"Juventus
"
"M. Lazzari","SS Lazio","M. Lazzari","€15.00m","Defence","Serie A","Right-Back",57,24.4,33,"€291.15m","Serie A",8,38,17,8,13,"56:46",10,59,24,80,83,235374,174,67,"Right",79,"RM",3,"Jul 1, 2013","N/A",1.9e+07,20000,35600000,327,79,67,44,78,59,361,80,68,58,75,80,423,88,87,85,75,88,293,53,39,84,60,57,312,53,53,73,75,58,75,152,59,51,42,47,14,6,11,5,11,1915,422,3,3,"High","High",1,"Lean (170-185)",87,62,76,81,52,64,4,"SPAL
"
"M. Politano","Inter Milan","M. Politano","€21.10m","Forward","Serie A","Right Winger",60,24,30,"€617.93m","Serie A",12,38,11,10,17,"39:53",-14,43,24,82,83,216409,171,67,"Left",81,"LW",1,"Jun 30, 2016","Jun 30, 2019",26500000,70000,0,348,80,74,40,79,75,399,83,79,77,76,84,424,85,86,90,81,82,337,78,50,82,45,82,325,63,38,77,77,70,79,121,63,29,29,48,11,12,6,8,11,2002,424,4,4,"High","Medium",2,"Normal (170-185)",86,76,78,84,42,58,NA,"Inter
Jun 30, 2019 On loan"
"M. Politano","Inter Milan","M. Politano","€21.10m","Forward","Serie A","Right Winger",60,24,30,"€617.93m","Serie A",4,38,20,9,9,"57:33",24,69,24,82,83,216409,171,67,"Left",81,"LW",1,"Jun 30, 2016","Jun 30, 2019",26500000,70000,0,348,80,74,40,79,75,399,83,79,77,76,84,424,85,86,90,81,82,337,78,50,82,45,82,325,63,38,77,77,70,79,121,63,29,29,48,11,12,6,8,11,2002,424,4,4,"High","Medium",2,"Normal (170-185)",86,76,78,84,42,58,NA,"Inter
Jun 30, 2019 On loan"
"M. Pucciarelli","Chievo Verona","M. Pucciarelli","€3.75m","Forward","Serie B","Second Striker",68,24.7,32,"€54.70m","Serie A",20,38,2,14,22,"25:75",-50,17,27,73,73,205735,174,64,"Right",74,"RW",0,"Jul 1, 2011","Jun 30, 2019",4300000,15000,0,334,62,74,54,70,74,319,77,69,39,58,76,413,85,78,88,76,86,339,74,72,76,48,69,286,60,32,75,64,55,74,118,58,32,28,38,7,5,10,8,8,1847,396,3,4,"Medium","High",2,"Lean (170-185)",81,72,64,78,42,59,NA,"Chievo
Jun 30, 2019 On loan"
"M. Rojas","Racing Club","M. Rojas","€2.20m","Midfield","Superliga","Attacking Midfield",50,24.6,9,"€70.65m","ProfessionalFootballLeague",1,30,20,5,5,"57:26",31,65,22,77,84,237183,186,78,"Left",78,"CF",7,"Jan 1, 2015","N/A",12500000,15000,21300000,350,69,73,64,78,66,403,81,85,84,72,81,398,82,84,83,74,75,377,85,64,79,67,82,348,64,69,76,73,66,79,176,60,60,56,45,8,6,12,8,11,2097,447,3,4,"High","Medium",1,"Lean (185+)",83,77,75,81,62,69,1,"Defensa y Justicia
"
"M. Vallejo","Valencia CF","M. Vallejo","€5.50m","Forward","LaLiga","Left Winger",33,24.8,17,"€499.65m","LaLiga",4,38,15,16,7,"51:35",16,61,21,73,84,241686,167,72,"Right",72,"RW",11,"Feb 7, 2019","Jun 30, 2019",7e+06,8000,0,340,67,75,67,69,62,344,74,70,73,56,71,396,82,75,80,69,90,349,76,70,74,63,66,281,41,25,70,69,76,62,121,41,39,41,50,7,14,8,11,10,1881,394,3,3,"Medium","Medium",1,"Normal (170-)",78,73,67,74,40,62,NA,"Cádiz
Jun 30, 2019 On loan"
"M. Varnier","Atalanta BC","M. Varnier","€2.25m","Defence","Serie A","Centre-Back",88,22.7,29,"€367.68m","Serie A",3,38,20,9,9,"77:46",31,69,20,70,82,235863,186,82,"Right",69,"CB",12,"Jul 1, 2016","Jun 30, 2019",2800000,10000,0,238,41,33,70,59,35,225,51,32,30,53,59,304,64,73,49,63,55,306,51,73,68,81,33,266,65,66,33,50,52,64,208,67,71,70,57,12,14,5,15,11,1604,354,5,2,"Medium","High",1,"Normal (185+)",69,38,50,54,69,74,NA,"Atalanta
Jun 30, 2019 On loan"
"M. Wolf","Hertha BSC","M. Wolf","Loan fee:","Defence","Bundesliga","Right-Back",36,24.4,19,"€207.63m","Bundesliga",11,34,11,10,13,"49:57",-8,43,23,77,81,224425,188,82,"Right",76,"RM",4,"Jul 1, 2018","N/A",11500000,40000,20400000,349,75,74,64,74,62,356,77,69,71,62,77,376,83,84,68,75,66,355,75,55,86,72,67,339,73,66,74,74,52,70,186,68,60,58,58,12,15,7,16,8,2019,441,4,3,"High","Medium",2,"Lean (185+)",84,71,72,75,64,75,4,"Borussia Dortmund
"
"N. Amiri","Bayer 04 Leverkusen","N. Amiri","€9.00m","Midfield","Bundesliga","Central Midfield",31,24.6,16,"€429.40m","Bundesliga",4,34,18,4,12,"69:52",17,58,21,78,85,225309,180,73,"Right",77,"CAM",7,"Aug 1, 2014","N/A",14500000,30000,27600000,325,73,65,43,79,65,386,85,76,71,73,81,375,77,68,79,75,76,349,70,66,77,66,70,322,48,62,69,78,65,69,156,53,57,46,60,12,12,14,12,10,1973,416,3,4,"Medium","Medium",1,"Normal (170-185)",72,67,76,82,54,65,1,"TSG Hoffenheim
"
"N. Barella","Inter Milan","N. Barella","Loan fee:","Midfield","Serie A","Central Midfield",60,24,30,"€617.93m","Serie A",12,38,11,10,17,"39:53",-14,43,21,79,89,224232,172,68,"Right",78,"CM",10,"Jul 1, 2014","N/A",2e+07,30000,3.8e+07,309,72,63,40,81,53,380,80,73,67,78,82,393,79,77,76,79,82,341,72,59,84,61,65,376,82,77,70,74,73,78,220,68,77,75,54,11,5,13,14,11,2073,441,3,3,"Medium","High",2,"Lean (170-185)",78,66,76,80,70,71,3,"Cagliari
"
"N. Barella","Inter Milan","N. Barella","Loan fee:","Midfield","Serie A","Central Midfield",60,24,30,"€617.93m","Serie A",4,38,20,9,9,"57:33",24,69,21,79,89,224232,172,68,"Right",78,"CM",10,"Jul 1, 2014","N/A",2e+07,30000,3.8e+07,309,72,63,40,81,53,380,80,73,67,78,82,393,79,77,76,79,82,341,72,59,84,61,65,376,82,77,70,74,73,78,220,68,77,75,54,11,5,13,14,11,2073,441,3,3,"Medium","High",2,"Lean (170-185)",78,66,76,80,70,71,3,"Cagliari
"
"N. Maupay","Brighton & Hove Albion","N. Maupay","€15.56m","Forward","Premier League","Centre-Forward",41,25.8,29,"€194.35m","Premier League",17,38,9,9,20,"35:60",-25,36,21,75,81,211784,171,69,"Right",74,"ST",6,"Jul 14, 2017","N/A",9500000,30000,2e+07,347,60,78,66,71,72,321,69,63,55,59,75,381,77,73,74,78,79,332,74,60,71,68,59,324,74,26,82,69,73,66,118,30,55,33,52,11,12,7,8,14,1875,396,3,3,"Medium","Medium",1,"Lean (170-185)",75,73,65,72,41,70,2,"Brentford
"
"N. Reniero","Racing Club","N. Reniero","€3.25m","Forward","Superliga","Centre-Forward",50,24.6,9,"€70.65m","ProfessionalFootballLeague",1,30,20,5,5,"57:26",31,65,23,70,76,237283,183,79,"Right",69,"ST",6,"Jan 4, 2016","N/A",2500000,10000,4200000,312,53,72,69,66,52,315,71,61,51,60,72,321,64,66,62,64,65,348,69,70,68,76,65,240,41,23,68,49,59,66,79,44,17,18,58,13,13,7,10,15,1673,360,3,3,"High","High",1,"Normal (170-185)",65,68,58,70,32,67,3,"San Lorenzo
"
"O. Aina","Torino","O. Aina","€9.80m","Defence","Serie A","Right-Back",62,23.7,29,"€239.23m","Serie A",7,38,16,15,7,"52:37",15,63,21,74,83,224656,182,82,"Right",74,"LM",9,"Oct 8, 2013","Jun 30, 2019",8500000,30000,0,321,70,54,64,75,58,326,74,62,47,70,73,398,89,88,75,69,77,373,72,73,83,77,68,318,65,72,65,67,49,69,212,66,73,73,50,7,14,10,10,9,1998,439,3,3,"Medium","Medium",1,"Normal (170-185)",88,61,70,74,70,76,NA,"Torino
Jun 30, 2019 On loan"
"O. Boscagli","PSV Eindhoven","O. Boscagli","€2.00m","Defence","Eredivisie","Centre-Back",41,22.9,21,"€237.85m","Eredivisie",2,34,26,5,3,"98:26",72,83,20,71,80,225863,181,68,"Left",70,"LB",9,"Jul 1, 2015","N/A",3200000,10000,6600000,262,71,23,68,71,29,287,69,52,30,65,71,329,67,69,66,67,60,273,39,71,73,69,21,301,71,72,59,63,36,61,211,70,73,68,49,8,7,14,8,12,1712,374,4,3,"Medium","Medium",1,"Lean (170-185)",68,29,66,69,71,71,2,"Nice
"
"O. Ighalo","Manchester United","O. Ighalo","Loan fee:","Forward","Premier League","Centre-Forward",36,25.3,22,"€797.60m","Premier League",6,38,19,9,10,"65:54",11,66,29,77,77,185195,183,70,"Right",76,"ST",0,"Feb 14, 2019","N/A",9e+06,20000,19400000,327,49,76,71,61,70,320,80,64,53,47,76,391,86,82,75,78,70,375,73,82,78,80,62,315,78,30,84,60,63,82,103,17,45,41,57,9,11,13,16,8,1888,405,3,4,"Medium","Medium",1,"Normal (170-185)",84,72,56,78,36,79,2,"Shanghai Shenhua
"
"P. Cutrone","ACF Fiorentina","P. Cutrone","Loan fee:","Forward","Serie A","Centre-Forward",56,22.9,36,"€315.33m","Serie A",16,38,8,17,13,"47:45",2,41,20,77,89,237715,183,78,"Right",76,"ST",12,"Jul 1, 2015","N/A",1.6e+07,60000,30400000,346,48,80,76,70,72,294,74,68,42,34,76,371,75,77,69,74,76,354,74,75,69,74,62,278,60,14,80,56,68,72,74,36,20,18,39,10,7,7,10,5,1756,379,3,3,"Medium","Medium",1,"Normal (170-185)",76,74,56,74,29,70,4,"Milan
"
"P. Cutrone","Wolverhampton Wanderers","P. Cutrone","€18.00m","Forward","Premier League","Centre-Forward",40,24.1,26,"€302.90m","Premier League",7,38,16,9,13,"47:46",1,57,20,77,89,237715,183,78,"Right",76,"ST",12,"Jul 1, 2015","N/A",1.6e+07,60000,30400000,346,48,80,76,70,72,294,74,68,42,34,76,371,75,77,69,74,76,354,74,75,69,74,62,278,60,14,80,56,68,72,74,36,20,18,39,10,7,7,10,5,1756,379,3,3,"Medium","Medium",1,"Normal (170-185)",76,74,56,74,29,70,4,"Milan
"
"P. Fornals","West Ham United","P. Fornals","€28.00m","Midfield","Premier League","Attacking Midfield",37,26.6,23,"€359.00m","Premier League",10,38,15,7,16,"52:55",-3,52,22,81,87,226456,178,67,"Right",80,"CAM",6,"Jul 24, 2017","N/A",24500000,40000,56400000,356,74,77,50,83,72,383,81,70,70,80,82,366,71,66,77,76,76,361,77,59,77,67,81,361,69,74,77,86,55,73,219,72,74,73,54,9,11,12,7,15,2100,445,3,4,"High","Medium",1,"Normal (170-185)",68,76,80,80,71,70,3,"Villarreal
"
"P. Klement","VfB Stuttgart","P. Klement","€2.50m","Midfield","2. Bundesliga","Attacking Midfield",34,24.9,16,"€143.75m","Bundesliga",16,34,7,7,20,"32:70",-38,28,25,74,75,205086,174,71,"Left",73,"CAM",1,"Jan 23, 2018","N/A",6500000,10000,10900000,316,69,65,49,75,58,378,74,80,81,69,74,374,71,65,84,72,82,338,75,68,68,51,76,317,53,57,69,73,65,67,101,37,30,34,64,16,14,14,10,10,1888,382,3,3,"Medium","Medium",1,"Normal (170-185)",68,69,73,75,40,57,1,"Paderborn
"
"P. Lirola","ACF Fiorentina","P. Lirola","Loan fee:","Defence","Serie A","Right-Back",56,22.9,36,"€315.33m","Serie A",16,38,8,17,13,"47:45",2,41,20,74,80,235875,183,75,"Right",74,"RB",6,"Jan 31, 2018","N/A",6500000,30000,12400000,308,76,35,65,73,59,319,74,73,30,67,75,374,81,80,69,70,74,316,58,68,72,67,51,293,70,69,66,58,30,71,220,73,74,73,51,12,12,5,9,13,1881,408,3,3,"High","Medium",1,"Normal (170-185)",80,45,68,74,72,69,2,"Sassuolo
"
"P. Schick","RB Leipzig","P. Schick","Loan fee:","Forward","Bundesliga","Centre-Forward",34,22.6,22,"€479.00m","Bundesliga",3,34,19,9,6,"63:29",34,66,22,76,83,234236,186,73,"Left",77,"LW",7,"Jul 14, 2018","N/A",1.1e+07,50000,20900000,362,64,76,74,76,72,357,82,78,56,59,82,369,74,73,83,72,67,346,72,69,62,70,73,288,59,22,76,73,58,73,93,50,24,19,57,11,15,8,9,14,1872,400,2,4,"Medium","Medium",2,"Lean (185+)",73,74,70,81,36,66,3,"Roma
"
"Pedro","ACF Fiorentina","Pedro","€11.00m","Forward","Serie A","Centre-Forward",56,22.9,36,"€315.33m","Serie A",16,38,8,17,13,"47:45",2,41,30,82,82,189505,169,65,"Right",81,"CAM",0,"Aug 20, 2015","N/A",2.1e+07,140000,38900000,361,78,78,55,80,70,378,84,81,57,71,85,396,79,74,82,81,80,339,77,66,70,47,79,330,56,49,82,77,66,77,112,49,32,31,52,5,11,12,15,9,1968,413,5,4,"High","High",3,"Lean (170-)",76,77,77,84,43,56,1,"Chelsea
"
"Portu","Real Sociedad","Portu","€10.00m","Forward","LaLiga","Right Winger",33,24.1,9,"€300.95m","LaLiga",10,38,14,8,16,"44:52",-8,50,26,80,81,205070,178,70,"Right",80,"CAM",1,"Jul 1, 2016","N/A",17500000,40000,38100000,376,66,81,74,83,72,374,82,67,64,78,83,391,85,80,81,71,74,381,80,72,83,71,75,354,76,68,80,77,53,74,170,50,61,59,67,14,10,15,15,13,2113,452,4,3,"High","Medium",1,"Normal (170-185)",82,78,76,81,60,75,3,"Girona
"
"R. Albiol","Villarreal CF","R. Albiol","€4.00m","Defence","LaLiga","Centre-Back",32,27.5,12,"€230.65m","LaLiga",14,38,10,14,14,"49:52",-3,44,32,84,84,157481,190,82,"Right",83,"CB",0,"Jul 21, 2013","N/A",1.8e+07,90000,30600000,247,38,27,77,74,31,300,59,53,45,72,71,298,54,53,53,82,56,327,65,77,50,82,53,291,81,86,30,57,37,75,261,89,87,85,36,8,6,5,9,8,1760,378,3,2,"Low","High",3,"Lean (185+)",53,41,61,63,86,74,2,"Napoli
"
"R. Doan","PSV Eindhoven","R. Doan","€7.50m","Forward","Eredivisie","Right Winger",41,22.9,21,"€237.85m","Eredivisie",2,34,26,5,3,"98:26",72,83,20,73,84,232639,172,70,"Left",72,"LW",11,"Apr 23, 2018","N/A",7e+06,7000,11900000,314,70,68,45,72,59,349,75,67,67,68,72,402,78,75,86,70,93,321,74,42,75,54,76,274,41,41,61,73,58,72,117,39,36,42,46,8,5,6,13,14,1823,388,3,3,"Medium","Medium",1,"Normal (170-185)",76,70,71,76,39,56,2,"FC Groningen
"
"R. Glatzel","Cardiff City","R. Glatzel","€6.00m","Forward","Championship","Centre-Forward",35,27.3,20,"€113.00m","Premier League",18,38,10,4,24,"34:69",-35,34,24,71,74,236533,193,85,"Right",70,"ST",3,"Jul 1, 2017","N/A",3100000,9000,5100000,311,39,77,72,55,68,244,62,48,31,34,69,276,52,60,52,71,41,331,73,62,55,82,59,260,49,24,73,47,67,63,62,20,17,25,57,10,11,14,13,9,1541,330,4,2,"Medium","Medium",1,"Normal (185+)",56,71,46,63,26,68,1,"Heidenheim
"
"R. Lopes","Sevilla","R. Lopes","€25.00m","Forward","LaLiga","Right Winger",38,26.1,21,"€306.30m","LaLiga",6,38,17,8,13,"62:47",15,59,26,71,71,204682,185,82,"Right",70,"ST",0,"Jul 31, 2018","N/A",2600000,7000,5400000,330,51,74,72,64,69,246,64,41,34,40,67,321,67,54,64,71,65,377,76,79,79,77,66,296,75,25,73,51,72,66,83,46,19,18,57,7,12,11,15,12,1710,361,4,3,"High","Medium",1,"Normal (185+)",60,72,53,65,34,77,0,"Boavista
"
"R. Lopes","Sevilla","R. Lopes","€25.00m","Forward","LaLiga","Right Winger",38,26.1,21,"€306.30m","LaLiga",6,38,17,8,13,"62:47",15,59,27,70,70,228173,183,74,"Right",70,"RM",0,"Jan 6, 2016","N/A",1900000,7000,2400000,329,69,74,55,66,65,332,71,64,66,62,69,353,74,74,74,62,69,354,75,61,75,72,71,301,63,33,70,67,68,73,102,45,32,25,52,6,15,15,10,6,1823,391,4,4,"High","Low",1,"Normal (170-185)",74,73,66,70,38,70,0,"Jeonbuk Motors
"
"R. Lopes","Sevilla","R. Lopes","€25.00m","Forward","LaLiga","Right Winger",38,26.1,21,"€306.30m","LaLiga",6,38,17,8,13,"62:47",15,59,22,80,85,212692,174,68,"Left",80,"LW",5,"Aug 28, 2015","N/A",2e+07,60000,39500000,331,79,79,38,79,56,389,84,76,74,72,83,409,83,76,84,78,88,331,77,51,70,59,74,290,39,29,78,79,65,74,85,30,28,27,56,11,10,12,12,11,1891,404,3,4,"High","Medium",2,"Stocky (170-185)",79,76,78,84,30,57,3,"Monaco
"
"R. Lukaku","Inter Milan","R. Lukaku","€74.00m","Forward","Serie A","Centre-Forward",60,24,30,"€617.93m","Serie A",4,38,20,9,9,"57:33",24,69,25,86,88,192505,190,94,"Left",83,"ST",2,"Jul 10, 2017","N/A",5.5e+07,2e+05,108600000,397,73,86,85,76,77,362,78,76,66,71,71,357,76,89,60,86,46,406,88,71,79,94,74,336,71,27,87,73,78,83,90,30,30,30,54,8,15,14,7,10,2002,433,4,3,"Medium","Medium",3,"Stocky (185+)",83,83,74,73,35,85,3,"Manchester United
"
"R. Lukaku","Inter Milan","R. Lukaku","€74.00m","Forward","Serie A","Centre-Forward",60,24,30,"€617.93m","Serie A",12,38,11,10,17,"39:53",-14,43,25,86,88,192505,190,94,"Left",83,"ST",2,"Jul 10, 2017","N/A",5.5e+07,2e+05,108600000,397,73,86,85,76,77,362,78,76,66,71,71,357,76,89,60,86,46,406,88,71,79,94,74,336,71,27,87,73,78,83,90,30,30,30,54,8,15,14,7,10,2002,433,4,3,"Medium","Medium",3,"Stocky (185+)",83,83,74,73,35,85,3,"Manchester United
"
"R. Malinovskyi","Atalanta BC","R. Malinovskyi","€13.60m","Midfield","Serie A","Attacking Midfield",88,22.7,29,"€367.68m","Serie A",3,38,20,9,9,"77:46",31,69,25,79,82,231969,181,85,"Left",78,"CM",3,"Jul 1, 2017","N/A",15500000,20000,24400000,376,79,70,75,82,70,408,76,84,87,81,80,352,69,73,71,74,65,405,90,72,81,78,84,369,79,66,69,79,76,75,182,56,68,58,52,6,6,12,15,13,2144,448,4,4,"High","High",1,"Stocky (170-185)",71,77,81,76,64,79,3,"Genk
"
"R. Pierre-Gabriel","1.FSV Mainz 05","R. Pierre-Gabriel","€5.50m","Defence","Bundesliga","Right-Back",35,24.7,20,"€159.73m","Bundesliga",12,34,12,7,15,"46:57",-11,43,20,71,81,231685,177,76,"Right",70,"RB",10,"Jul 9, 2018","N/A",3300000,20000,7e+06,279,69,41,61,65,43,286,70,60,35,52,69,368,79,79,71,67,72,325,58,72,75,67,53,293,65,67,50,55,56,64,206,66,69,71,47,11,10,10,6,10,1804,393,3,3,"Medium","Medium",1,"Normal (170-185)",79,48,60,70,67,69,4,"Monaco
"
"R. Sessegnon","Tottenham Hotspur","R. Sessegnon","€27.00m","Midfield","Premier League","Left Midfield",34,25.4,20,"€898.60m","Premier League",4,38,23,2,13,"67:39",28,71,18,75,86,235883,178,71,"Left",74,"LW",11,"Aug 9, 2016","N/A",10500000,20000,22100000,328,72,73,55,73,55,312,72,71,31,62,76,409,85,87,79,73,85,321,67,66,76,55,57,334,60,67,74,72,61,80,196,66,68,62,39,6,11,7,8,7,1939,424,3,4,"High","Medium",1,"Lean (170-185)",86,67,69,75,65,62,1,"Fulham
"
"R. Skov","TSG 1899 Hoffenheim","R. Skov","€10.00m","Midfield","Bundesliga","Right Midfield",38,24.4,22,"€336.25m","Bundesliga",9,34,13,12,9,"70:52",18,51,22,75,83,215449,183,76,"Left",74,"LM",8,"Jan 19, 2018","N/A",1e+07,20000,1.5e+07,329,70,72,50,71,66,395,75,87,90,68,75,381,81,83,76,68,73,363,86,49,77,70,81,337,74,45,72,72,74,70,133,46,45,42,70,15,16,15,13,11,2008,423,3,3,"High","Medium",1,"Lean (170-185)",82,76,72,75,46,72,3,"København
"
"R. Vargas","FC Augsburg","R. Vargas","€4.00m","Forward","Bundesliga","Left Winger",40,24.9,19,"€139.25m","Bundesliga",15,34,8,8,18,"51:71",-20,32,31,72,72,188070,174,70,"Right",71,"CAM",0,"Sep 15, 2017","N/A",2700000,5000,3400000,313,67,69,38,71,68,353,74,68,68,69,74,358,74,72,73,67,72,307,66,69,44,58,70,272,43,26,70,69,64,69,76,22,26,28,48,14,9,9,10,6,1727,361,4,4,"High","Low",2,"Normal (170-185)",73,68,69,73,26,52,0,"Newcastle Jets
"
"S. Amrabat","ACF Fiorentina","S. Amrabat","€19.50m","Midfield","Serie A","Defensive Midfield",56,22.9,36,"€315.33m","Serie A",16,38,8,17,13,"47:45",2,41,21,73,79,224158,183,77,"Right",72,"CDM",6,"Aug 24, 2018","N/A",5500000,15000,8800000,319,70,49,65,77,58,344,75,65,53,76,75,348,68,69,70,66,75,364,76,74,80,77,57,327,77,70,60,70,50,71,199,66,69,64,60,13,13,6,16,12,1961,417,3,3,"Medium","High",1,"Normal (170-185)",69,57,72,74,67,78,3,"Club Brugge
"
"S. Bergwijn","Tottenham Hotspur","S. Bergwijn","€30.00m","Forward","Premier League","Left Winger",34,25.4,20,"€898.60m","Premier League",4,38,23,2,13,"67:39",28,71,20,81,87,225953,178,78,"Right",81,"RW",6,"Jul 1, 2014","N/A",24500000,20000,39200000,347,74,76,55,80,62,372,87,77,66,57,85,420,88,89,79,75,89,388,80,72,81,81,74,296,44,34,78,79,61,76,109,52,31,26,64,11,14,12,14,13,1996,436,2,4,"Medium","Medium",2,"Stocky (170-185)",89,75,74,85,40,73,4,"PSV
"
"S. Haller","West Ham United","S. Haller","€50.00m","Forward","Premier League","Centre-Forward",37,26.6,23,"€359.00m","Premier League",10,38,15,7,16,"52:55",-3,52,24,82,85,205693,190,82,"Right",81,"ST",3,"Jul 1, 2017","N/A",28500000,50000,50600000,364,40,84,84,75,81,286,74,52,46,35,79,349,68,76,68,84,53,386,79,80,72,91,64,355,74,34,84,72,91,80,139,39,54,46,40,6,7,14,7,6,1919,414,2,3,"High","Medium",1,"Normal (185+)",72,79,59,74,48,82,2,"Eintracht Frankfurt
"
"S. Lobotka","SSC Napoli","S. Lobotka","€21.00m","Midfield","Serie A","Defensive Midfield",54,24.3,27,"€646.80m","Serie A",2,38,24,7,7,"74:36",38,79,23,78,84,216435,170,64,"Right",77,"CM",6,"Jul 15, 2017","N/A",1.4e+07,20000,32200000,299,68,59,45,84,43,358,77,68,55,76,82,372,70,66,78,74,84,354,62,82,86,59,65,330,57,74,67,76,56,74,211,69,74,68,60,10,7,16,13,14,1984,419,4,4,"Medium","High",1,"Normal (170-)",68,60,76,79,69,67,4,"Celta de Vigo
"
"S. Rode","Eintracht Frankfurt","S. Rode","€4.00m","Midfield","Bundesliga","Central Midfield",47,24.8,28,"€313.40m","Bundesliga",7,34,15,9,10,"60:48",12,54,27,77,78,200215,179,75,"Right",76,"CDM",1,"Jul 1, 2016","Jun 30, 2019",8500000,30000,0,317,66,55,66,75,55,318,71,51,52,71,73,353,69,66,70,74,74,365,75,76,75,74,65,353,83,79,69,71,51,74,232,78,77,77,49,9,8,14,7,11,1987,423,3,3,"High","High",2,"Normal (170-185)",67,62,69,72,77,76,NA,"Eintracht Frankfurt
Jun 30, 2019 On loan"
"S. Sensi","Inter Milan","S. Sensi","Loan fee:","Midfield","Serie A","Central Midfield",60,24,30,"€617.93m","Serie A",4,38,20,9,9,"57:33",24,69,22,75,80,229857,168,62,"Right",76,"CM",5,"Jan 13, 2016","N/A",7500000,30000,13300000,280,74,48,30,79,49,385,75,75,75,80,80,346,68,55,66,70,87,327,65,51,75,65,71,359,71,70,65,80,73,76,209,63,73,73,48,10,6,8,11,13,1954,406,4,3,"Medium","Medium",1,"Normal (170-)",61,58,78,76,65,68,1,"Sassuolo
"
"S. Sensi","Inter Milan","S. Sensi","Loan fee:","Midfield","Serie A","Central Midfield",60,24,30,"€617.93m","Serie A",12,38,11,10,17,"39:53",-14,43,22,75,80,229857,168,62,"Right",76,"CM",5,"Jan 13, 2016","N/A",7500000,30000,13300000,280,74,48,30,79,49,385,75,75,75,80,80,346,68,55,66,70,87,327,65,51,75,65,71,359,71,70,65,80,73,76,209,63,73,73,48,10,6,8,11,13,1954,406,4,3,"Medium","Medium",1,"Normal (170-)",61,58,78,76,65,68,1,"Sassuolo
"
"S. Sturaro","Genoa CFC","S. Sturaro","€16.50m","Midfield","Serie A","Central Midfield",69,23.8,35,"€191.73m","Serie A",17,38,8,14,16,"39:57",-18,38,25,75,78,202135,181,80,"Right",76,"CDM",3,"Feb 6, 2019","N/A",8e+06,15000,1.5e+07,342,68,55,68,77,74,356,76,64,64,75,77,357,74,74,74,68,67,379,78,67,79,78,77,371,86,75,73,69,68,74,231,76,78,77,55,15,10,5,14,11,2091,443,3,3,"High","High",2,"Normal (170-185)",74,67,72,75,76,79,2,"Genoa
"
"S. Zaza","Torino","S. Zaza","€12.00m","Forward","Serie A","Centre-Forward",62,23.7,29,"€239.23m","Serie A",7,38,16,15,7,"52:37",15,63,27,81,81,202685,186,84,"Left",80,"ST",0,"Jul 1, 2017","Jun 30, 2019",1.9e+07,60000,0,363,52,80,79,71,81,328,77,71,56,45,79,379,77,79,76,78,69,410,85,89,76,88,72,355,87,40,83,66,79,72,146,54,42,50,45,7,13,9,7,9,2026,432,3,4,"High","High",2,"Normal (185+)",78,80,62,77,50,85,NA,"Torino
Jun 30, 2019 On loan"
"T. Baumgartl","PSV Eindhoven","T. Baumgartl","€12.00m","Defence","Eredivisie","Centre-Back",41,22.9,21,"€237.85m","Eredivisie",2,34,26,5,3,"98:26",72,83,22,76,81,223641,190,89,"Right",75,"CB",5,"Jul 1, 2014","N/A",8500000,20000,15100000,230,33,26,74,71,26,235,44,31,28,69,63,303,62,65,54,66,56,306,60,71,67,81,27,268,73,74,32,55,34,59,236,74,83,79,69,13,15,14,16,11,1647,358,3,2,"Medium","Medium",1,"Lean (185+)",64,34,56,52,77,75,3,"VfB Stuttgart
"
"T. Correia","Valencia CF","T. Correia","€12.00m","Defence","LaLiga","Right-Back",33,24.8,17,"€499.65m","LaLiga",4,38,15,16,7,"51:35",16,61,19,70,84,247832,179,65,"Right",70,"RB",14,"Jul 1, 2016","N/A",3400000,3000,8900000,272,68,40,55,62,47,312,74,71,42,53,72,399,83,86,85,72,73,303,52,72,70,58,51,295,62,65,64,58,46,73,200,66,66,68,44,10,15,6,6,7,1825,394,4,3,"High","Medium",1,"Normal (170-185)",85,46,61,74,65,63,3,"Sporting CP
"
"T. Hazard","Borussia Dortmund","T. Hazard","€25.50m","Forward","Bundesliga","Left Winger",34,24.4,19,"€643.25m","Bundesliga",2,34,23,7,4,"81:44",37,76,25,82,83,203486,179,70,"Right",82,"CAM",1,"Jul 1, 2015","N/A",26500000,40000,4.7e+07,354,79,75,38,82,80,406,87,83,79,73,84,420,86,77,91,82,84,353,78,60,77,61,77,346,57,41,84,83,81,77,118,33,47,38,37,6,9,7,7,8,2034,428,3,4,"High","Medium",2,"Lean (170-185)",81,77,80,86,40,64,1,"Borussia Mönchengladbach
"
"T. Minamino","Liverpool","T. Minamino","€8.50m","Forward","Premier League","Left Winger",39,24.7,25,"€1.17bn","Premier League",2,38,30,7,1,"89:22",67,97,23,73,80,226627,174,67,"Right",76,"RW",7,"Jan 7, 2015","N/A",5500000,30000,9400000,327,64,75,51,71,66,353,80,67,65,64,77,415,90,86,86,75,78,353,71,75,81,56,70,305,61,49,72,64,59,62,108,35,39,34,58,9,12,8,15,14,1919,411,4,3,"Medium","Medium",1,"Lean (170-185)",88,72,67,79,41,64,2,"Salzburg
"
"V. Grifo","SC Freiburg","V. Grifo","€7.00m","Forward","Bundesliga","Left Winger",34,25,8,"€122.10m","Bundesliga",13,34,8,12,14,"46:61",-15,36,25,77,78,212096,180,76,"Right",77,"RW",1,"Jul 1, 2018","Jun 30, 2019",10500000,20000,0,346,82,72,47,75,70,394,83,84,80,63,84,371,74,67,78,73,79,343,81,52,72,62,76,312,52,45,76,71,68,72,111,50,31,30,52,10,12,8,8,14,1929,405,2,4,"Medium","Medium",1,"Normal (170-185)",70,75,75,82,41,62,NA,"SC Freiburg
Jun 30, 2019 On loan"
"V. Lazaro","Inter Milan","V. Lazaro","€22.40m","Defence","Serie A","Right-Back",60,24,30,"€617.93m","Serie A",12,38,11,10,17,"39:53",-14,43,22,75,80,211147,178,75,"Right",78,"RM",5,"Nov 16, 2017","N/A",7500000,20000,13300000,347,80,69,49,77,72,380,81,77,69,72,81,405,86,83,83,76,77,334,69,56,73,66,70,354,65,71,76,75,67,77,211,72,70,69,48,8,13,11,8,8,2079,447,3,4,"High","Medium",1,"Normal (170-185)",84,70,76,81,69,67,2,"Hertha BSC
"
"V. Lazaro","Inter Milan","V. Lazaro","€22.40m","Defence","Serie A","Right-Back",60,24,30,"€617.93m","Serie A",4,38,20,9,9,"57:33",24,69,22,75,80,211147,178,75,"Right",78,"RM",5,"Nov 16, 2017","N/A",7500000,20000,13300000,347,80,69,49,77,72,380,81,77,69,72,81,405,86,83,83,76,77,334,69,56,73,66,70,354,65,71,76,75,67,77,211,72,70,69,48,8,13,11,8,8,2079,447,3,4,"High","Medium",1,"Normal (170-185)",84,70,76,81,69,67,2,"Hertha BSC
"
"V. Muriqi","Fenerbahce","V. Muriqi","€5.60m","Forward","Süper Lig","Centre-Forward",47,26.1,20,"€103.50m","SuperLig",6,34,11,13,10,"44:44",0,46,24,73,77,223710,194,86,"Left",72,"ST",4,"Jan 17, 2018","N/A",5500000,10000,11400000,310,35,74,76,64,61,271,66,58,30,42,75,279,53,69,49,66,42,355,75,54,72,88,66,273,51,18,74,63,67,54,67,20,25,22,50,8,9,14,9,10,1605,355,4,3,"Medium","Medium",1,"Lean (185+)",62,72,53,66,27,75,1,"Rizespor
"
"W. Saliba","Arsenal","W. Saliba","€30.00m","Defence","Premier League","Centre-Back",42,24.9,28,"€659.05m","Premier League",5,38,21,7,10,"73:51",22,70,17,71,88,243715,192,85,"Right",70,"CB",17,"Jul 1, 2018","N/A",4200000,8000,10600000,232,41,22,67,70,32,243,53,45,35,52,58,304,63,65,48,68,60,286,49,73,68,76,20,265,65,72,35,46,47,65,210,69,72,69,42,7,10,6,8,11,1582,344,3,2,"High","Medium",1,"Lean (185+)",64,29,54,55,70,72,4,"Saint-Étienne
"
"W. Vaulks","Cardiff City","W. Vaulks","€2.35m","Midfield","Championship","Defensive Midfield",35,27.3,20,"€113.00m","Premier League",18,38,10,4,24,"34:69",-35,34,24,72,74,208769,180,75,"Right",71,"CDM",2,"Jul 22, 2016","N/A",3200000,20000,6200000,294,64,56,65,67,42,293,62,42,56,66,67,321,61,60,64,71,65,376,74,73,82,74,73,332,77,73,56,71,55,62,211,69,75,67,68,15,15,16,9,13,1895,399,3,2,"Medium","High",1,"Normal (170-185)",60,62,65,64,71,77,1,"Rotherham United
"
"X. Schlager","VfL Wolfsburg","X. Schlager","€12.00m","Midfield","Bundesliga","Central Midfield",36,25.1,21,"€229.25m","Bundesliga",6,34,16,7,11,"62:50",12,55,20,76,84,233195,174,76,"Left",75,"CM",8,"Jan 7, 2015","N/A",11500000,30000,19600000,298,59,64,44,76,55,354,75,70,60,72,77,397,83,79,83,78,74,365,76,60,85,69,75,343,74,67,74,72,56,69,201,60,71,70,41,6,8,8,12,7,1999,434,3,3,"High","High",1,"Normal (170-185)",81,68,70,77,64,74,2,"Salzburg
"
"Y. En-Nesyri","Sevilla","Y. En-Nesyri","€20.00m","Forward","LaLiga","Centre-Forward",38,26.1,21,"€306.30m","LaLiga",6,38,17,8,13,"62:47",15,59,21,74,80,235410,192,78,"Left",73,"ST",6,"Aug 17, 2018","N/A",8e+06,20000,18400000,332,48,74,78,63,69,280,75,40,47,46,72,338,75,77,68,74,44,359,70,79,78,64,68,269,57,31,73,49,59,59,85,27,31,27,58,13,9,14,9,13,1721,373,4,3,"High","High",1,"Lean (185+)",76,71,53,72,34,67,4,"Leganés
"
"Y. Tielemans","Leicester City","Y. Tielemans","€45.00m","Midfield","Premier League","Central Midfield",37,26.4,26,"€434.10m","Premier League",9,38,15,7,16,"51:48",3,52,21,78,87,216393,176,72,"Right",77,"CM",9,"Jul 1, 2017","Jun 30, 2019",15500000,50000,0,367,81,73,55,80,78,392,76,84,74,77,81,335,60,55,69,75,76,370,86,65,69,66,84,367,70,69,74,82,72,81,206,66,72,68,50,6,8,10,14,12,2087,428,5,4,"Medium","Medium",2,"Normal (170-185)",57,78,80,77,68,68,NA,"Leicester City
Jun 30, 2019 On loan"
