"Name","Age","Overall.rating","Potential","Years Left","field_position","Value","Wage","Total.mentality","GK.Diving","GK.Handling","GK.Kicking","GK.Positioning","GK.Reflexes","Physical...Positioning"
"J. Oblak",25,91,93,4,"Goalkeeper",75500000,120000,140,86,92,78,90,89,90
"De Gea",27,90,92,1,"Goalkeeper",62500000,2e+05,174,90,84,83,86,93,86
"M. ter Stegen",26,89,92,3,"Goalkeeper",5.8e+07,250000,171,88,85,88,87,90,87
"T. Courtois",26,88,89,5,"Goalkeeper",47500000,225000,122,84,89,72,85,87,85
"H. Lloris",31,88,88,3,"Goalkeeper",3.6e+07,150000,138,88,84,68,83,92,83
"M. Neuer",32,88,88,2,"Goalkeeper",3.4e+07,120000,188,88,86,90,85,87,85
"S. Handanovič",33,88,88,2,"Goalkeeper",3e+07,110000,123,87,86,69,89,89,89
"Alisson",25,87,91,5,"Goalkeeper",4.6e+07,130000,140,84,82,87,87,89,87
"K. Navas",31,87,87,1,"Goalkeeper",30500000,190000,161,90,81,75,82,90,82
"Ederson",24,86,90,5,"Goalkeeper",41500000,120000,172,85,80,92,82,87,82
"W. Szczęsny",28,86,88,2,"Goalkeeper",3.7e+07,130000,135,86,83,73,86,88,86
"G. Buffon",40,86,86,0,"Goalkeeper",3e+06,60000,150,80,81,74,91,85,91
"A. Lopes",27,85,87,1,"Goalkeeper",3.1e+07,80000,141,87,80,75,84,89,84
"R. Bürki",27,85,86,2,"Goalkeeper",3e+07,70000,133,86,81,74,83,89,83
"Kepa",23,84,90,5,"Goalkeeper",3.1e+07,90000,133,84,82,79,80,85,80
"M. Perin",25,84,89,3,"Goalkeeper",29500000,1e+05,121,81,85,71,79,90,79
"Neto",28,84,85,2,"Goalkeeper",2.5e+07,50000,130,86,81,79,82,82,82
"L. Hrádecký",28,84,84,4,"Goalkeeper",2.2e+07,70000,131,85,79,69,82,88,82
"Y. Sommer",29,84,85,2,"Goalkeeper",2.4e+07,40000,156,79,84,81,80,87,80
"S. Ruffier",31,84,84,2,"Goalkeeper",1.9e+07,40000,142,82,84,77,85,82,85
"J. Pavlenka",26,83,85,2,"Goalkeeper",21500000,30000,92,86,78,68,78,87,78
"G. Donnarumma",19,83,94,2,"Goalkeeper",33500000,30000,144,89,78,73,79,89,79
"J. Pickford",24,83,88,5,"Goalkeeper",2.5e+07,80000,190,82,77,87,81,86,81
"T. Horn",25,83,86,4,"Goalkeeper",2.3e+07,20000,154,83,80,83,82,86,82
"O. Baumann",28,83,84,2,"Goalkeeper",2.1e+07,40000,126,83,82,70,79,85,79
"K. Casteels",26,83,85,2,"Goalkeeper",21500000,50000,126,83,79,79,82,83,82
"B. Leno",26,83,86,4,"Goalkeeper",22500000,1e+05,134,83,81,77,84,84,84
"P. Gulácsi",28,83,84,3,"Goalkeeper",2.1e+07,60000,128,84,82,81,80,85,80
"Sergio Asenjo",29,83,84,3,"Goalkeeper",2e+07,40000,115,85,83,77,80,82,80
"Rui Patrício",30,83,83,3,"Goalkeeper",16500000,70000,170,85,81,78,80,82,80
"S. Sirigu",31,83,83,3,"Goalkeeper",15500000,50000,138,84,80,76,84,82,84
"K. Schmeichel",31,83,83,4,"Goalkeeper",15500000,70000,153,81,77,80,79,88,79
"R. Jarstein",33,83,83,2,"Goalkeeper",1.3e+07,30000,118,79,82,76,86,84,86
"Casillas",37,83,83,1,"Goalkeeper",1700000,10000,147,87,76,61,85,84,85
"Raphaelito Anjos",30,82,82,2,"Goalkeeper",1.4e+07,30000,169,79,84,77,83,78,83
"A. Onana",22,82,87,3,"Goalkeeper",21500000,15000,144,84,80,86,76,83,76
"Pau López",23,82,87,4,"Goalkeeper",21500000,20000,162,81,83,79,82,84,82
"T. Strakosha",23,82,87,3,"Goalkeeper",21500000,40000,132,84,78,75,79,87,79
"B. Lecomte",27,82,85,4,"Goalkeeper",18500000,30000,118,82,78,78,81,83,81
"J. Cillessen",29,82,83,2,"Goalkeeper",1.7e+07,130000,142,80,83,75,81,82,81
"K. Trapp",27,82,83,NA,"Goalkeeper",1.7e+07,40000,127,81,76,78,82,84,82
"R. Fährmann",29,82,83,3,"Goalkeeper",1.7e+07,40000,133,83,80,44,82,87,82
"Adán",31,82,82,1,"Goalkeeper",13500000,50000,139,80,84,78,83,82,83
"E. Viviano",32,82,82,NA,"Goalkeeper",12500000,15000,119,83,84,76,81,83,81
"Ł. Fabiański",33,82,82,2,"Goalkeeper",1.1e+07,80000,148,80,83,70,81,84,81
"A. Consigli",31,82,82,3,"Goalkeeper",13500000,50000,103,82,83,72,82,83,82
"Pepe Reina",35,82,82,2,"Goalkeeper",5e+06,50000,156,79,82,82,82,81,82
"G. Rulli",26,81,85,3,"Goalkeeper",1.6e+07,30000,141,83,77,77,75,86,75
"A. Areola",25,81,86,4,"Goalkeeper",1.7e+07,60000,136,85,78,77,77,84,77
"D. Subašić",33,81,81,1,"Goalkeeper",9e+06,60000,141,80,76,78,81,82,81
"F. Muslera",32,81,81,2,"Goalkeeper",1e+07,50000,150,81,75,75,81,83,81
"M. Dmitrović",26,80,81,2,"Goalkeeper",1.2e+07,20000,100,76,79,78,81,81,81
"F. Armani",31,80,80,3,"Goalkeeper",9e+06,20000,149,78,75,70,81,86,81
"Pacheco",26,80,83,4,"Goalkeeper",1.3e+07,20000,135,79,77,68,81,81,81
"A. Cragno",24,80,86,5,"Goalkeeper",1.5e+07,20000,140,84,78,69,76,88,76
"T. Vaclík",29,80,81,2,"Goalkeeper",11500000,15000,147,82,72,74,82,85,82
"J. Butland",25,80,85,2,"Goalkeeper",1.4e+07,40000,165,82,75,70,79,84,79
"C. Tătăruşanu",32,80,80,0,"Goalkeeper",8500000,20000,135,80,77,75,78,83,78
"M. Ryan",26,80,83,3,"Goalkeeper",1.3e+07,40000,162,81,75,82,78,83,78
"J. Zoet",27,80,83,2,"Goalkeeper",12500000,15000,134,79,77,77,79,83,79
"Guaita",31,80,80,2,"Goalkeeper",9e+06,50000,145,82,81,79,77,82,77
"S. Ulreich",29,80,80,2,"Goalkeeper",1e+07,60000,111,79,72,69,80,86,80
"S. Romero",31,80,80,2,"Goalkeeper",9e+06,90000,136,78,76,81,78,83,78
"S. Mandanda",33,80,80,2,"Goalkeeper",7500000,40000,137,80,79,74,79,81,79
"T. Heaton",32,80,80,1,"Goalkeeper",8500000,50000,137,79,78,74,81,82,81
"B. Costil",30,80,80,2,"Goalkeeper",9500000,40000,115,81,77,79,79,80,79
"I. Akinfeev",32,80,80,3,"Goalkeeper",8500000,1000,121,77,72,78,82,84,82
"Diego López",36,80,80,1,"Goalkeeper",2e+06,15000,137,75,82,74,82,76,82
"Moyá",34,80,80,1,"Goalkeeper",6e+06,30000,122,84,74,81,80,79,80
"S. Sorrentino",39,80,80,0,"Goalkeeper",1e+06,10000,111,81,82,66,82,79,82
"A. Lafont",19,79,91,4,"Goalkeeper",1.7e+07,15000,104,80,77,71,76,83,76
"Gabri Prestão",26,79,79,2,"Goalkeeper",9e+06,20000,127,81,75,71,77,82,77
"A. Lunev",26,79,81,NA,"Goalkeeper",0,0,135,80,73,65,77,85,77
"M. Campaña",29,79,80,2,"Goalkeeper",1e+07,20000,159,81,75,74,80,82,80
"David Soria",25,79,81,3,"Goalkeeper",10500000,20000,122,81,75,66,81,80,81
"M. Dúbravka",29,79,80,3,"Goalkeeper",1e+07,40000,135,77,80,81,78,81,78
"M. Maignan",22,79,87,3,"Goalkeeper",1.4e+07,20000,120,78,77,77,76,82,76
"W. Benítez",25,79,83,1,"Goalkeeper",11500000,30000,138,78,79,72,79,81,79
"O. Vlachodimos",24,79,85,4,"Goalkeeper",12500000,10000,127,83,72,67,75,85,75
"Y. Bounou",27,79,82,2,"Goalkeeper",10500000,30000,131,76,79,77,77,78,77
"N. Pope",26,79,82,4,"Goalkeeper",1.1e+07,50000,135,78,80,74,80,79,80
"L. Karius",25,79,83,NA,"Goalkeeper",11500000,40000,111,82,74,78,76,82,76
"Jordi Masip",29,79,79,3,"Goalkeeper",8500000,20000,115,83,76,78,75,82,75
"Herrerín",30,79,79,2,"Goalkeeper",8e+06,20000,141,78,82,84,78,75,78
"M. Hitz",30,79,79,2,"Goalkeeper",8e+06,40000,93,81,78,63,79,81,79
"Kiko Casilla",31,79,79,4,"Goalkeeper",7500000,40000,152,74,81,77,81,77,81
"D. Ospina",29,79,79,NA,"Goalkeeper",8500000,50000,137,83,70,78,77,85,77
"B. Foster",35,79,79,1,"Goalkeeper",3e+06,30000,135,78,79,73,77,81,77
"A. Selikhov",24,78,82,2,"Goalkeeper",9500000,1000,138,79,81,78,77,75,77
"R. Olsen",28,78,78,4,"Goalkeeper",7500000,50000,141,78,77,76,78,79,78
"Sergio Rico",24,78,80,NA,"Goalkeeper",9e+06,40000,134,77,75,78,75,80,75
"E. Andrada",27,78,81,3,"Goalkeeper",8500000,20000,135,79,75,73,77,81,77
"A. Schwolow",26,78,79,1,"Goalkeeper",8500000,20000,105,78,76,71,74,80,74
"M. Sels",26,78,81,3,"Goalkeeper",9e+06,15000,122,80,74,73,77,80,77
"R. Zieler",29,78,78,1,"Goalkeeper",7e+06,30000,134,76,73,70,78,81,78
"O. Karnezis",32,78,78,2,"Goalkeeper",6e+06,40000,119,78,76,72,77,79,77
"Guilherme",32,78,78,0,"Goalkeeper",6e+06,1000,136,82,73,72,78,80,78
"C. Bravo",35,78,78,1,"Goalkeeper",2400000,50000,171,78,77,85,75,78,75
"S. Mignolet",30,78,78,2,"Goalkeeper",6500000,70000,153,79,72,62,75,81,75
"I. Khune",31,78,78,4,"Goalkeeper",6500000,1000,197,75,74,90,76,80,76
"J. Hart",31,78,78,1,"Goalkeeper",6500000,40000,147,76,75,68,75,81,75
"A. Mirante",34,78,78,2,"Goalkeeper",4200000,40000,123,78,77,64,77,77,77
"G. Ochoa",32,78,78,1,"Goalkeeper",6e+06,15000,122,77,69,75,78,83,78
"E. Mendy",26,77,80,3,"Goalkeeper",7500000,15000,91,77,73,70,76,78,76
"Álex Remiro",23,77,82,0,"Goalkeeper",8500000,15000,117,82,72,78,74,77,74
"M. Díaz",32,77,77,1,"Goalkeeper",5e+06,20000,136,75,73,62,82,78,82
"A. Meret",21,77,89,4,"Goalkeeper",12500000,30000,106,79,74,70,76,80,76
"G. Arias",30,77,77,2,"Goalkeeper",5500000,15000,119,79,73,74,78,80,78
"M. Sportiello",26,77,77,NA,"Goalkeeper",6e+06,15000,135,77,76,68,77,79,77
"José Sá",25,77,82,1,"Goalkeeper",8500000,1000,121,78,76,68,75,79,75
"C. Vargas",29,77,78,3,"Goalkeeper",7e+06,4000,153,77,74,69,76,81,76
"B. Reynet",27,77,79,3,"Goalkeeper",7e+06,20000,118,76,74,75,77,80,77
"A. Marchesín",30,77,77,1,"Goalkeeper",5500000,40000,157,73,74,74,79,81,79
"T. Koubek",25,77,80,2,"Goalkeeper",8e+06,20000,113,78,77,72,75,78,75
"M. Esser",30,77,77,1,"Goalkeeper",5500000,30000,147,77,74,64,75,82,75
"Cláudio Ramos",26,77,80,1,"Goalkeeper",7500000,6000,126,81,75,65,73,79,73
"Adrián",31,77,77,0,"Goalkeeper",5500000,50000,151,80,74,68,73,81,73
"Renan Ribeiro",28,77,78,4,"Goalkeeper",7e+06,10000,120,81,70,67,75,80,75
"E. Berisha",29,77,77,2,"Goalkeeper",6e+06,20000,128,78,76,67,76,79,76
"Douglas",35,77,77,1,"Goalkeeper",2100000,6000,140,78,75,72,74,77,74
"Roberto",32,77,77,0,"Goalkeeper",5e+06,20000,134,80,70,73,74,82,74
"Fabricio",30,77,77,2,"Goalkeeper",5500000,40000,146,75,80,76,73,78,73
"R. Gurtner",31,77,77,3,"Goalkeeper",5500000,15000,105,78,75,74,75,79,75
"N. Guzmán",32,77,77,1,"Goalkeeper",5e+06,40000,148,76,75,67,80,78,80
"A. Begović",31,77,77,1,"Goalkeeper",5500000,40000,148,77,76,72,75,77,75
"Sergio",31,77,77,1,"Goalkeeper",5500000,20000,122,78,69,75,75,81,75
"J. Villar",41,77,77,NA,"Goalkeeper",0,0,130,75,75,74,78,77,78
"Iván Cuéllar",34,77,77,2,"Goalkeeper",3600000,20000,127,74,76,78,73,79,73
"Andrés Fernández",31,77,77,2,"Goalkeeper",5500000,20000,142,80,73,68,75,79,75
"A. Pyatov",34,77,77,1,"Goalkeeper",3600000,1000,150,75,69,82,80,78,80
"M. Barovero",34,77,77,3,"Goalkeeper",3600000,30000,138,76,74,69,78,77,78
"A. Lunin",19,76,88,NA,"Goalkeeper",10500000,7000,131,74,71,76,77,79,77
"D. Livaković",22,76,84,4,"Goalkeeper",8500000,1000,122,74,75,70,77,79,77
"D. Livaković",22,76,84,4,"Goalkeeper",8500000,1000,122,74,75,70,77,79,77
"Z. Steffen",23,76,84,2,"Goalkeeper",8500000,6000,153,76,72,74,73,84,73
"Gomes",37,76,76,1,"Goalkeeper",525000,20000,172,79,71,58,75,81,75
"D. Boyko",30,76,76,4,"Goalkeeper",4900000,1000,116,77,69,68,74,78,74
"E. Audero",21,76,87,2,"Goalkeeper",10500000,15000,96,80,73,73,74,80,74
"Diego Mariño",28,76,77,4,"Goalkeeper",6e+06,9000,127,76,73,71,73,79,73
"Joel Robles",28,76,77,3,"Goalkeeper",6e+06,20000,114,81,72,76,69,83,69
"S. Proto",35,76,76,2,"Goalkeeper",1800000,20000,152,75,73,73,78,77,78
"Beto",36,76,76,1,"Goalkeeper",1e+06,10000,123,79,69,79,75,75,75
"A. Blake",27,76,79,0,"Goalkeeper",6500000,7000,84,78,71,68,74,83,74
"V. Babacan",29,76,76,2,"Goalkeeper",5e+06,20000,128,76,76,68,77,77,77
"A. Paschalakis",28,76,77,3,"Goalkeeper",6e+06,1000,135,80,67,66,73,81,73
"A. McCarthy",28,76,77,3,"Goalkeeper",6e+06,30000,164,76,76,64,75,81,75
"L. Chichizola",28,76,77,2,"Goalkeeper",6e+06,20000,112,77,77,68,75,78,75
"T. Didillon",22,76,82,3,"Goalkeeper",7500000,10000,112,77,72,73,75,79,75
"L. Unnerstall",27,76,78,NA,"Goalkeeper",6e+06,8000,128,76,75,72,74,77,74
"P. Bernardoni",21,76,84,NA,"Goalkeeper",8500000,10000,109,78,74,73,76,80,76
"Rubén Blanco",22,76,83,4,"Goalkeeper",8e+06,15000,114,79,75,73,76,74,76
"S. Bolat",29,76,76,1,"Goalkeeper",5e+06,10000,144,70,79,77,75,78,75
"Fred Aníbão",26,76,76,2,"Goalkeeper",5500000,10000,179,71,77,76,72,77,72
"M. Bizot",27,76,79,2,"Goalkeeper",6500000,10000,152,79,72,65,72,77,72
"Nelsildo Reis",30,76,76,1,"Goalkeeper",4900000,15000,160,76,77,77,76,74,76
"Y. Mvogo",24,76,81,2,"Goalkeeper",7500000,30000,141,80,74,71,71,79,71
"Jaume",27,76,77,3,"Goalkeeper",6e+06,20000,130,74,73,75,72,82,72
"J. Musso",24,76,82,4,"Goalkeeper",7500000,15000,137,78,75,72,77,79,77
"Ł. Skorupski",27,76,79,4,"Goalkeeper",6500000,20000,117,80,75,54,75,81,75
"J. Orozco",32,76,76,4,"Goalkeeper",4400000,15000,159,76,71,82,77,76,77
"Matheus",25,76,80,4,"Goalkeeper",7e+06,10000,122,79,73,71,76,78,76
"A. Lunin",19,76,88,NA,"Goalkeeper",10500000,7000,131,74,71,76,77,79,77
"T. Kraft",29,76,76,1,"Goalkeeper",5e+06,20000,116,80,75,60,65,84,65
"A. Gomis",24,76,79,3,"Goalkeeper",7e+06,10000,137,77,74,70,75,77,75
"H. Tekin",29,76,77,2,"Goalkeeper",6e+06,40000,113,77,72,72,73,80,73
"A. Hansen",28,76,78,4,"Goalkeeper",6500000,7000,154,78,68,70,76,80,76
"L. Kalinić",28,75,77,4,"Goalkeeper",5500000,15000,133,80,74,43,75,78,75
"A. Gunn",22,75,83,4,"Goalkeeper",7500000,30000,140,76,72,70,73,78,73
"J. Lössl",29,75,76,2,"Goalkeeper",5e+06,30000,112,74,76,67,74,77,74
"C. Álvarez",32,75,75,1,"Goalkeeper",3800000,8000,111,75,73,71,76,78,76
"Y. Lodygin",28,75,77,0,"Goalkeeper",5500000,1000,143,78,72,73,69,82,69
"Simão Donatinho",34,75,75,2,"Goalkeeper",2700000,20000,152,76,70,77,75,75,75
"L. Sepe",27,75,78,NA,"Goalkeeper",5500000,30000,102,74,76,61,73,79,73
"S. Kırıntılı",33,75,75,1,"Goalkeeper",3400000,15000,118,75,72,68,75,77,75
"Rafael",36,75,75,1,"Goalkeeper",9e+05,15000,120,76,71,63,76,76,76
"F. Rønnow",25,75,79,3,"Goalkeeper",6e+06,20000,108,74,71,66,74,77,74
"W. Caballero",36,75,75,1,"Goalkeeper",9e+05,40000,119,74,72,71,76,74,76
"Tiago Sá",23,75,82,4,"Goalkeeper",7e+06,9000,120,75,73,71,73,76,73
"L. Butelle",35,75,75,2,"Goalkeeper",1600000,10000,134,78,74,65,76,74,76
"Iraizoz",37,75,75,0,"Goalkeeper",450000,15000,143,69,77,74,85,67,85
"Yan Junling",27,75,78,1,"Goalkeeper",5500000,10000,144,73,71,70,75,79,75
"Yoel",29,75,75,NA,"Goalkeeper",4500000,15000,137,75,74,76,74,75,74
"W. Hennessey",31,75,75,2,"Goalkeeper",4e+06,30000,132,76,76,81,77,71,77
"Oier",28,75,76,2,"Goalkeeper",5500000,15000,132,77,73,69,78,73,78
"S. Padt",28,75,77,2,"Goalkeeper",5500000,8000,113,76,73,67,74,77,74
"B. Jones",36,75,75,1,"Goalkeeper",9e+05,15000,137,75,69,69,80,75,80
"A. McGregor",36,75,75,1,"Goalkeeper",9e+05,20000,161,74,72,66,74,79,74
"M. Barbosa",33,75,75,1,"Goalkeeper",3400000,20000,135,76,72,76,74,75,74
"A. Boruc",38,75,75,1,"Goalkeeper",450000,30000,141,76,75,64,77,75,77
"P. Gazzaniga",26,75,78,3,"Goalkeeper",6e+06,50000,154,76,73,84,74,77,74
"Cássio",37,75,75,1,"Goalkeeper",450000,10000,159,77,74,68,73,76,73
"R. Özcan",34,75,75,1,"Goalkeeper",2700000,40000,112,73,71,71,76,75,76
"F. Marchetti",35,75,75,1,"Goalkeeper",1600000,8000,137,74,74,65,74,75,74
"N. Etheridge",28,75,77,2,"Goalkeeper",5500000,30000,149,77,67,61,76,77,76
"Kaíquão Castro",34,75,75,2,"Goalkeeper",2700000,20000,159,77,76,61,72,73,72
"S. Grytebust",28,75,75,0,"Goalkeeper",4700000,10000,149,75,71,66,74,79,74
"A. Rossi",22,75,83,4,"Goalkeeper",7500000,4000,130,73,69,64,77,76,77
"M. Vorm",34,75,75,0,"Goalkeeper",2700000,50000,134,76,72,70,73,77,73
"A. Martín Arias",25,75,79,1,"Goalkeeper",6e+06,10000,122,81,68,76,73,77,73
"Jo Hyeon Woo",26,75,77,4,"Goalkeeper",5500000,5000,132,75,72,59,74,80,74
"G. Herrera",26,75,78,1,"Goalkeeper",6e+06,10000,111,75,73,71,76,77,76
"K. Vermeer",32,75,75,1,"Goalkeeper",3800000,10000,175,78,65,68,76,80,76
"D. Vukovic",33,75,75,2,"Goalkeeper",3400000,10000,139,74,70,63,78,77,78
"S. Johnstone",25,75,80,3,"Goalkeeper",6500000,20000,142,79,74,70,73,77,73
"J. Corona",37,75,75,1,"Goalkeeper",450000,10000,110,72,77,68,78,74,78
"J. Rodríguez",25,74,77,NA,"Goalkeeper",5e+06,6000,121,78,70,66,74,75,74
"V. Demirel",36,74,74,3,"Goalkeeper",750000,20000,137,75,71,75,72,73,72
"A. Talavera",35,74,74,3,"Goalkeeper",1300000,10000,170,80,70,70,70,77,70
"R. Rey",27,74,77,1,"Goalkeeper",4700000,1000,145,76,70,69,75,78,75
"R. Gikiewicz",30,74,74,1,"Goalkeeper",3600000,20000,113,74,71,75,73,76,73
"M. Andújar",34,74,74,2,"Goalkeeper",2300000,10000,140,73,73,62,75,77,75
"Y. Pelé",35,74,74,1,"Goalkeeper",1300000,15000,99,75,75,67,73,74,73
"Aitor",27,74,77,3,"Goalkeeper",4700000,15000,123,76,70,65,75,76,75
"J. Bijlow",20,74,82,4,"Goalkeeper",6500000,7000,116,76,70,77,70,75,70
"C. Kameni",34,74,74,1,"Goalkeeper",2300000,40000,133,76,71,72,72,75,72
"Raúl Fernández",30,74,74,2,"Goalkeeper",3600000,8000,122,75,74,62,77,73,77
"P. Tschauner",32,74,74,NA,"Goalkeeper",3200000,15000,113,74,73,67,73,76,73
"E. Martínez",25,74,78,NA,"Goalkeeper",5e+06,20000,168,74,74,75,72,75,72
"P. Gollini",23,74,82,4,"Goalkeeper",6e+06,15000,100,75,69,64,74,77,74
"N. Vikonis",34,74,74,4,"Goalkeeper",2300000,7000,125,73,75,69,72,74,72
"T. Sippel",30,74,74,2,"Goalkeeper",3600000,15000,116,75,69,79,70,78,70
"R. Strebinger",25,74,77,3,"Goalkeeper",5e+06,10000,83,74,65,64,74,81,74
"D. Benaglio",34,74,74,1,"Goalkeeper",2300000,40000,127,71,79,61,77,71,77
"A. Aguerre",27,74,76,3,"Goalkeeper",4600000,10000,131,73,74,63,73,75,73
"Munir",29,74,75,2,"Goalkeeper",4400000,8000,128,72,74,68,75,74,75
"B. Hamid",27,74,77,NA,"Goalkeeper",4700000,6000,131,75,70,70,73,76,73
"D. Henderson",21,74,83,NA,"Goalkeeper",6500000,7000,89,74,71,69,71,75,71
"Marafona",31,74,74,0,"Goalkeeper",3400000,10000,154,76,73,66,75,74,75
"L. Robles",34,74,74,0,"Goalkeeper",2300000,6000,141,75,71,70,73,77,73
"S. Lung",29,74,75,1,"Goalkeeper",4400000,10000,149,74,71,69,74,75,74
"C. Gordon",35,74,74,1,"Goalkeeper",1300000,20000,148,75,71,66,70,77,70
"C. Mathenia",26,74,76,5,"Goalkeeper",4700000,15000,122,75,69,64,74,78,74
"Miguel Silva",23,74,79,3,"Goalkeeper",5500000,7000,88,77,71,56,73,76,73
"Riesgo",34,74,74,0,"Goalkeeper",2300000,15000,124,74,76,69,74,72,74
"J. Hansen",33,74,74,1,"Goalkeeper",2800000,15000,160,75,70,75,73,74,73
"Rafael",28,74,76,3,"Goalkeeper",4700000,20000,134,75,73,71,73,74,73
"A. Gianniotis",25,74,78,0,"Goalkeeper",5e+06,1000,105,77,70,65,70,77,70
"M. Borjan",30,74,74,NA,"Goalkeeper",0,0,162,77,72,72,74,72,74
"E. Room",29,74,74,2,"Goalkeeper",3800000,7000,140,74,75,68,71,76,71
"V. Barkas",24,74,77,3,"Goalkeeper",5e+06,1000,139,72,72,74,74,75,74
"F. Forster",30,74,74,3,"Goalkeeper",3600000,30000,141,70,75,60,75,77,75
"Victorino Magela",30,74,74,2,"Goalkeeper",3600000,10000,175,71,72,73,75,76,75
"Adrianiscito",26,74,74,2,"Goalkeeper",4e+06,20000,124,68,76,74,77,73,77
"I. Arboleda",22,74,81,1,"Goalkeeper",6e+06,9000,105,77,71,66,71,77,71
"Y. Cardinale",24,74,77,1,"Goalkeeper",5e+06,15000,135,75,70,75,71,77,71
"Gabrìel",25,74,78,2,"Goalkeeper",5e+06,4000,130,77,73,65,69,79,69
"R. Salin",33,74,74,1,"Goalkeeper",2800000,9000,157,78,64,68,74,78,74
"S. Dzhanaev",31,74,74,0,"Goalkeeper",3400000,4000,112,76,66,71,76,78,76
"H. Lindner",27,74,76,2,"Goalkeeper",4600000,10000,127,79,68,64,69,78,69
"D. Heuer Fernandes",25,74,78,1,"Goalkeeper",5e+06,15000,107,75,72,76,69,78,69
"L. Grant",35,74,74,1,"Goalkeeper",1300000,40000,152,74,72,74,74,76,74
"T. Kaminski",25,74,77,2,"Goalkeeper",5e+06,15000,139,73,74,67,72,75,72
"R. Cota",30,74,74,2,"Goalkeeper",3600000,20000,134,74,70,67,77,75,77
"A. Rebrov",34,74,74,1,"Goalkeeper",2300000,1000,128,74,68,65,78,76,78
"D. Padelli",32,74,74,1,"Goalkeeper",3200000,30000,87,74,74,63,76,74,76
"M. Silva",35,74,74,NA,"Goalkeeper",0,0,139,75,70,72,72,77,72
"D. Roef",24,73,77,NA,"Goalkeeper",3700000,7000,122,76,71,65,70,76,70
"M. Kozáčik",34,73,73,2,"Goalkeeper",1600000,1000,147,73,71,69,75,72,75
"Da Costa",34,73,73,1,"Goalkeeper",1600000,20000,114,73,71,64,75,74,75
"T. Melia",32,73,73,1,"Goalkeeper",2300000,6000,141,73,68,73,75,75,75
"H. Van Crombrugge",25,73,77,1,"Goalkeeper",3700000,8000,124,78,71,72,70,73,70
"Jaim Abra",26,73,73,2,"Goalkeeper",2800000,10000,123,77,71,68,73,74,73
"Freder Cabral",26,73,73,2,"Goalkeeper",2800000,20000,129,73,77,69,76,66,76
"Eduardo",35,73,73,0,"Goalkeeper",950000,6000,138,71,73,68,76,71,76
"Cifuentes",39,73,73,1,"Goalkeeper",275000,4000,136,67,74,65,82,71,82
"A. Walke",35,73,73,1,"Goalkeeper",950000,15000,151,73,71,75,69,76,69
"K. Darlow",27,73,75,1,"Goalkeeper",3200000,30000,112,75,70,64,71,76,71
"S. Kapino",24,73,78,2,"Goalkeeper",3900000,15000,111,74,67,66,72,79,72
"A. Bizzarri",40,73,73,NA,"Goalkeeper",275000,2000,138,72,71,64,78,73,78
"D. Kuciak",33,73,73,1,"Goalkeeper",2e+06,7000,121,76,64,63,74,78,74
"M. Dituro",31,73,73,2,"Goalkeeper",2400000,7000,116,72,72,76,71,76,71
"S. Dioudis",25,73,76,1,"Goalkeeper",3500000,1000,114,77,70,65,70,77,70
"M. Rensing",34,73,73,1,"Goalkeeper",1600000,15000,119,72,71,64,72,74,72
"J. Lewis",30,73,73,1,"Goalkeeper",2600000,6000,154,76,68,67,72,75,72
"Fabiano",30,73,73,0,"Goalkeeper",2600000,9000,126,75,70,73,74,72,74
"M. Banguera",32,73,73,NA,"Goalkeeper",0,0,98,68,70,65,77,77,77
"S. Sosa",31,73,73,3,"Goalkeeper",2400000,8000,95,73,68,65,72,74,72
"M. Stekelenburg",35,73,73,1,"Goalkeeper",950000,30000,142,71,72,76,73,73,73
"T. Krul",30,73,73,3,"Goalkeeper",2600000,15000,152,74,72,68,68,74,68
"S. Frei",32,73,73,0,"Goalkeeper",2300000,6000,144,74,68,67,71,74,71
"Bruno Varela",23,73,77,NA,"Goalkeeper",3700000,9000,130,76,70,63,74,75,74
"D. von Ballmoos",23,73,81,3,"Goalkeeper",4400000,10000,138,75,72,70,70,75,70
"S. Carson",32,73,73,1,"Goalkeeper",2300000,20000,117,71,70,69,74,72,74
"C. Stanković",25,73,77,4,"Goalkeeper",3700000,20000,114,77,69,64,70,77,70
"A. Smithies",28,73,74,3,"Goalkeeper",3200000,30000,142,74,69,67,74,73,74
"D. Ward",25,73,75,3,"Goalkeeper",3400000,30000,110,74,72,64,72,74,72
"S. Viera",35,73,73,1,"Goalkeeper",950000,2000,142,71,70,72,73,75,73
"W. Faríñez",20,73,87,1,"Goalkeeper",7500000,3000,144,73,70,69,74,77,74
"P. Nardi",24,73,79,NA,"Goalkeeper",4e+06,8000,125,78,67,68,67,77,67
"K. Westwood",33,73,73,2,"Goalkeeper",2e+06,15000,147,75,70,70,74,75,74
"L. Burián",34,73,73,2,"Goalkeeper",1600000,9000,124,71,70,73,73,74,73
"René",34,73,73,2,"Goalkeeper",1600000,6000,109,77,70,66,71,73,71
"S. Dimitrievski",24,73,77,4,"Goalkeeper",3700000,10000,125,74,71,69,76,72,76
"A. Shunin",31,73,73,NA,"Goalkeeper",0,0,139,72,72,70,72,75,72
"A. Luthe",31,73,73,3,"Goalkeeper",2400000,15000,125,77,68,61,73,76,73
"M. Günok",29,73,74,1,"Goalkeeper",3100000,15000,142,71,70,70,75,75,75
"K. Johnsson",28,73,74,1,"Goalkeeper",3200000,15000,137,74,70,73,74,76,74
"Juan Carlos",30,73,73,0,"Goalkeeper",2600000,7000,107,72,72,76,71,75,71
"A. Hruška",32,73,73,2,"Goalkeeper",2300000,1000,77,70,70,72,73,75,73
"F. Monetti",29,73,74,1,"Goalkeeper",3100000,5000,141,73,71,75,71,75,71
"W. Hahn",26,73,77,1,"Goalkeeper",3600000,7000,146,75,68,66,66,79,66
"A. Brignoli",26,73,76,2,"Goalkeeper",3500000,4000,94,72,72,75,73,73,73
"Pierrino Faria",30,73,73,2,"Goalkeeper",2600000,10000,121,77,65,62,75,76,75
"Nivo Serpinho",34,73,73,2,"Goalkeeper",1600000,10000,144,72,75,69,73,72,73
"J. Leca",32,73,73,2,"Goalkeeper",2300000,7000,119,72,69,69,73,75,73
"Edgar Badía",26,73,76,3,"Goalkeeper",3500000,5000,133,77,68,66,74,75,74
"N. Penneteau",37,73,73,2,"Goalkeeper",275000,7000,141,70,76,66,81,66,81
"Dani Giménez",34,73,73,2,"Goalkeeper",1600000,7000,136,71,67,69,71,78,71
"B. Drągowski",20,73,84,NA,"Goalkeeper",5500000,6000,138,71,69,70,72,76,72
"C. Rigamonti",31,73,73,2,"Goalkeeper",2400000,10000,107,72,64,63,78,76,78
"Unai Simón",21,73,84,4,"Goalkeeper",5500000,9000,122,72,73,64,74,72,74
"M. Bettinelli",26,73,77,2,"Goalkeeper",3600000,30000,110,75,71,70,74,77,74
"D. Randolph",31,73,73,2,"Goalkeeper",2400000,30000,123,75,68,66,71,75,71
"D. Jensen",26,73,76,2,"Goalkeeper",3500000,10000,132,71,70,79,71,72,71
"Marco Rocha",31,73,73,2,"Goalkeeper",2400000,5000,156,71,67,67,72,76,72
"M. Higashiguchi",32,73,73,2,"Goalkeeper",2300000,9000,90,71,73,75,72,70,72
"F. Bardi",26,73,73,3,"Goalkeeper",2800000,10000,97,76,71,62,68,75,68
"J. Drobný",38,72,72,0,"Goalkeeper",210000,10000,93,71,73,45,74,72,74
"A. Cordaz",35,72,72,2,"Goalkeeper",725000,2000,87,68,71,62,72,74,72
"E. Mulder",29,72,73,1,"Goalkeeper",2400000,15000,126,72,70,80,68,74,68
"I. Pettersson",21,72,79,1,"Goalkeeper",3200000,3000,113,77,62,79,66,77,66
"M. Silvestri",27,72,72,2,"Goalkeeper",2100000,4000,121,78,66,56,70,76,70
"M. Flekken",25,72,75,3,"Goalkeeper",2800000,10000,116,72,71,66,70,74,70
"Léo Jardim",23,72,80,0,"Goalkeeper",3400000,5000,147,75,72,67,66,73,66
"G. Lux",36,72,72,1,"Goalkeeper",425000,8000,134,71,72,75,71,72,71
"B. Cortés",23,72,79,3,"Goalkeeper",3200000,5000,151,71,73,66,70,74,70
"S. Nishikawa",32,72,72,4,"Goalkeeper",1800000,8000,153,73,68,75,70,77,70
"E. Unsain",23,72,80,1,"Goalkeeper",3400000,7000,113,77,68,75,65,78,65
"E. Lamanna",28,72,73,1,"Goalkeeper",2500000,3000,110,70,72,66,71,74,71
"V. Belec",28,72,74,2,"Goalkeeper",2600000,20000,103,73,72,60,71,74,71
"Alberto",33,72,72,2,"Goalkeeper",1600000,10000,119,72,71,71,70,73,70
"S. Johnson",29,72,73,2,"Goalkeeper",2400000,6000,112,73,67,70,70,76,70
"R. Wolf",30,72,72,2,"Goalkeeper",2e+06,15000,110,73,69,68,70,72,70
"J. Omlin",24,72,78,3,"Goalkeeper",3100000,10000,124,73,69,69,68,74,68
"A. Saldívar",28,72,74,2,"Goalkeeper",2600000,10000,121,71,72,70,71,72,71
"B. van Leer",26,72,74,NA,"Goalkeeper",2600000,6000,144,70,74,64,70,72,70
"F. Müller",20,72,84,3,"Goalkeeper",4400000,10000,116,72,69,70,71,75,71
"B. Samba",24,72,76,2,"Goalkeeper",2900000,10000,84,73,69,66,67,79,67
"Ø. Nyland",27,72,72,2,"Goalkeeper",2100000,10000,113,73,67,77,73,74,73
"V. Fiorillo",28,72,72,3,"Goalkeeper",2200000,4000,95,72,68,64,70,75,70
"Su Boyang",29,72,73,0,"Goalkeeper",2400000,10000,111,72,70,70,73,72,73
"A. Silva",34,72,72,1,"Goalkeeper",1300000,10000,134,71,70,62,70,72,70
"C. Pantilimon",31,72,72,2,"Goalkeeper",1900000,20000,138,69,69,66,73,74,73
"L. Ardente",36,72,72,2,"Goalkeeper",425000,6000,155,70,71,82,74,71,74
"A. Abedzadeh",25,72,75,2,"Goalkeeper",2800000,6000,108,71,70,64,72,75,72
"N. Navarro",33,72,72,NA,"Goalkeeper",1600000,7000,139,71,72,68,70,75,70
"I. Radu",21,72,84,NA,"Goalkeeper",4400000,6000,97,76,67,70,72,78,72
"J. Butez",23,72,78,2,"Goalkeeper",3100000,6000,117,75,67,73,68,74,68
"M. Goicoechea",30,72,72,2,"Goalkeeper",2e+06,15000,123,72,70,71,69,73,69
"K. Nordfeldt",29,72,73,1,"Goalkeeper",2400000,15000,109,71,66,66,74,76,74
"A. Silbeira",22,72,72,NA,"Goalkeeper",0,0,98,71,70,62,70,72,70
"A. Oukidja",29,72,72,2,"Goalkeeper",2100000,5000,127,74,68,63,71,77,71
"Charles",24,72,76,3,"Goalkeeper",2900000,5000,121,73,68,63,71,76,71
"Bracali",37,72,72,1,"Goalkeeper",210000,4000,130,74,72,60,72,69,72
"K. Lamprou",26,72,73,0,"Goalkeeper",2500000,10000,123,73,65,75,65,78,65
"S. Scuffet",22,72,82,NA,"Goalkeeper",3800000,7000,116,72,68,60,70,80,70
"J. Rinne",25,72,77,3,"Goalkeeper",3e+06,8000,150,72,68,73,71,75,71
"B. Guzan",33,72,72,1,"Goalkeeper",1600000,5000,152,72,68,72,72,74,72
"C. Pinsoglio",28,72,72,1,"Goalkeeper",2200000,40000,118,74,70,58,74,76,74
"W. Foderingham",27,72,74,1,"Goalkeeper",2500000,30000,142,73,69,72,69,76,69
"M. Langerak",29,72,72,2,"Goalkeeper",2100000,6000,115,73,71,52,68,76,68
"P. Gallese",28,72,72,NA,"Goalkeeper",0,0,146,74,67,69,69,73,69
"Á. Montero",23,72,79,2,"Goalkeeper",3200000,3000,116,75,69,65,71,73,71
"D. Dibusz",27,72,73,NA,"Goalkeeper",0,0,89,73,67,70,70,74,70
"S. Bossut",32,72,72,2,"Goalkeeper",1800000,9000,126,72,70,65,73,71,73
"J. Pollersbeck",23,72,78,2,"Goalkeeper",3100000,7000,116,75,66,71,70,75,70
"B. Kamara",21,72,78,2,"Goalkeeper",3100000,7000,96,76,68,63,72,75,72
"Jandrei",25,72,77,2,"Goalkeeper",3e+06,9000,118,72,71,69,70,76,70
"T. Zengin",34,72,72,0,"Goalkeeper",1300000,20000,116,72,74,46,76,74,76
"Ricardo",35,72,72,1,"Goalkeeper",725000,4000,121,74,72,63,72,71,72
"F. Nita",30,72,72,2,"Goalkeeper",2e+06,1000,82,72,68,59,77,73,77
"Kwoun Sun Tae",33,72,72,4,"Goalkeeper",1600000,8000,151,72,69,64,71,72,71
"S. Ortega",25,72,76,1,"Goalkeeper",2900000,9000,135,74,66,74,69,77,69
"Jhonatan",27,72,74,0,"Goalkeeper",2500000,5000,129,76,70,70,67,76,67
"R. Gudiño",22,72,79,4,"Goalkeeper",3200000,15000,131,72,72,62,69,74,69
"L. Pocrnjic",36,72,72,1,"Goalkeeper",425000,5000,136,71,71,64,74,70,74
"N. Champagne",33,72,72,1,"Goalkeeper",1600000,7000,133,74,70,66,68,76,68
"O. Kolář",23,72,79,3,"Goalkeeper",3200000,500,97,70,69,77,69,76,69
"R. Elliot",32,72,72,1,"Goalkeeper",1800000,20000,125,73,68,76,70,73,70
"U. Çakır",22,72,79,2,"Goalkeeper",3200000,15000,129,73,69,68,71,75,71
"Sivera",21,71,78,2,"Goalkeeper",2400000,8000,130,70,69,66,74,71,74
"Sergio Herrera",25,71,73,2,"Goalkeeper",2e+06,5000,115,71,72,70,68,70,68
"Jung Sung Ryong",33,71,71,1,"Goalkeeper",1200000,6000,121,70,66,78,69,72,69
"J. Ruddy",31,71,71,1,"Goalkeeper",1400000,30000,118,71,66,72,70,73,70
"D. González",35,71,71,0,"Goalkeeper",550000,2000,143,69,70,66,72,70,72
"Zeng Cheng",31,71,71,2,"Goalkeeper",1400000,9000,162,69,68,70,73,69,73
"M. Crépeau",24,71,75,3,"Goalkeeper",2200000,4000,136,70,69,64,71,74,71
"C. Puggioni",37,71,71,2,"Goalkeeper",160000,2000,117,71,71,59,69,74,69
"E. Alfonso",30,71,71,2,"Goalkeeper",1500000,3000,149,71,70,60,70,72,70
"R. Himmelmann",29,71,71,2,"Goalkeeper",1600000,10000,115,68,64,61,70,78,70
"J. Blaswich",27,71,74,2,"Goalkeeper",2e+06,5000,140,71,72,68,67,79,67
"K. Steppe",29,71,71,2,"Goalkeeper",1600000,7000,136,72,68,64,70,71,70
"F. Wiedwald",28,71,71,NA,"Goalkeeper",1700000,5000,133,76,63,68,65,76,65
"Adriano Facchini",35,71,71,3,"Goalkeeper",550000,6000,111,72,69,61,73,72,73
"C. Lucchetti",40,71,71,1,"Goalkeeper",160000,4000,183,71,68,75,65,75,65
"V. Milinković-Savić",21,71,79,NA,"Goalkeeper",2600000,2000,141,70,69,77,70,71,70
"M. Hassen",23,71,78,0,"Goalkeeper",2400000,10000,100,75,65,65,68,75,68
"Ricardo Ferreira",28,71,72,1,"Goalkeeper",1900000,6000,111,74,71,64,67,71,67
"C. Campestrini",38,71,71,1,"Goalkeeper",160000,2000,125,72,69,62,69,73,69
"L. Zingerle",24,71,75,2,"Goalkeeper",2200000,6000,95,70,68,67,71,72,71
"K. Letica",21,71,78,3,"Goalkeeper",2400000,7000,94,77,63,64,72,73,72
"E. Horvath",23,71,77,2,"Goalkeeper",2400000,9000,109,77,67,59,59,77,59
"S. Bertoli",40,71,71,0,"Goalkeeper",160000,5000,162,73,69,75,67,71,67
"M. Fraga",30,71,71,NA,"Goalkeeper",1500000,10000,143,70,70,74,72,71,72
"H. González",27,71,72,NA,"Goalkeeper",1800000,7000,156,74,70,69,71,71,71
"A. Diallo",26,71,74,0,"Goalkeeper",2100000,15000,97,70,68,65,72,71,72
"K. Nakamura",23,71,77,2,"Goalkeeper",2400000,5000,95,76,59,68,63,79,63
"S. Torrico",38,71,71,1,"Goalkeeper",160000,7000,112,68,69,70,74,69,74
"Dani Jiménez",28,71,72,3,"Goalkeeper",1900000,6000,148,72,68,65,68,73,68
"K. Müller",27,71,71,1,"Goalkeeper",1600000,7000,102,70,68,59,70,74,70
"T. Howard",39,71,71,0,"Goalkeeper",160000,3000,154,72,72,72,71,68,71
"V. Demarconnay",35,71,71,2,"Goalkeeper",550000,3000,102,73,65,76,70,72,70
"J. Dahlin",31,71,71,4,"Goalkeeper",1400000,4000,137,66,70,69,77,69,77
"S. Burchert",28,71,71,1,"Goalkeeper",1700000,6000,99,71,69,68,71,70,71
"J. García",31,71,71,1,"Goalkeeper",1400000,10000,123,74,64,74,69,76,69
"A. Nübel",21,71,80,1,"Goalkeeper",2800000,9000,91,72,68,72,67,75,67
"G. Loria",32,71,71,0,"Goalkeeper",1400000,8000,147,68,69,70,72,73,72
"W. Dutoit",29,71,71,1,"Goalkeeper",1600000,9000,128,73,67,66,70,74,70
"O. Jiménez",29,71,71,2,"Goalkeeper",1600000,30000,103,74,68,68,71,72,71
"C. Toselli",30,71,71,1,"Goalkeeper",1500000,6000,170,69,69,70,70,72,70
"André Milazisco",34,71,71,2,"Goalkeeper",950000,8000,156,77,61,62,64,77,64
"E. Zelazny",26,71,74,2,"Goalkeeper",2100000,10000,91,74,68,60,73,74,73
"Wiliam Santinho",34,71,71,2,"Goalkeeper",950000,15000,172,61,77,76,70,73,70
"Raúl Lizoain",27,71,73,1,"Goalkeeper",1900000,6000,126,70,72,62,70,70,70
"J. McLaughlin",30,71,71,1,"Goalkeeper",1500000,8000,148,70,73,72,72,69,72
"T. Kessler",32,71,71,1,"Goalkeeper",1400000,10000,117,72,69,67,70,71,70
"Nauzet",33,71,71,0,"Goalkeeper",1200000,6000,90,69,77,61,67,68,67
"A. Al Habsi",36,71,71,1,"Goalkeeper",325000,10000,132,71,58,71,73,77,73
"F. Boeckx",31,71,71,1,"Goalkeeper",1400000,10000,148,69,71,78,70,71,70
"Rui Silva",24,71,77,2,"Goalkeeper",2400000,5000,146,73,65,63,69,75,69
"D. Marshall",33,71,71,0,"Goalkeeper",1200000,15000,131,70,69,66,72,71,72
"G. Lajud",24,71,76,4,"Goalkeeper",2300000,9000,131,71,66,63,74,74,74
"Kang Hyeon Mu",23,71,75,4,"Goalkeeper",2200000,4000,152,71,66,63,69,74,69
"B. Białkowski",30,71,71,2,"Goalkeeper",1500000,6000,120,67,71,67,74,71,74
"R. Köse",30,71,71,2,"Goalkeeper",1500000,8000,90,74,67,57,74,75,74
"N. Rimando",39,71,71,0,"Goalkeeper",160000,3000,150,71,69,69,70,73,70
"Tomeu Nadal",29,71,72,2,"Goalkeeper",1800000,5000,99,70,72,67,69,72,69
"J. Wiland",37,71,71,0,"Goalkeeper",160000,3000,138,65,75,67,77,66,77
"David Raya",22,71,78,2,"Goalkeeper",2400000,15000,109,71,72,63,67,71,67
"P. Tsintotas",24,71,74,4,"Goalkeeper",2100000,500,125,73,70,70,63,75,63
"M. Al Owais",26,71,73,3,"Goalkeeper",2e+06,15000,136,70,72,66,71,68,71
"P. Terracciano",28,71,72,NA,"Goalkeeper",1900000,20000,111,72,67,64,69,75,69
"A. Federici",33,71,71,1,"Goalkeeper",1200000,20000,186,71,67,77,70,70,70
"Nathael Silbeira",34,71,71,2,"Goalkeeper",950000,15000,110,61,73,69,73,70,73
"M. Männel",30,71,71,3,"Goalkeeper",1500000,5000,128,74,70,59,65,76,65
"Eduardo Fonseira",30,71,71,2,"Goalkeeper",1500000,10000,91,71,70,74,72,69,72
"R. Zentner",23,71,79,2,"Goalkeeper",2600000,10000,113,69,69,63,70,76,70
"Ó. Pérez",45,71,71,2,"Goalkeeper",160000,8000,113,70,64,65,73,74,73
"J. Siebenhandl",28,71,72,1,"Goalkeeper",1900000,10000,120,69,68,75,69,74,69
"P. Šteinbors",32,70,70,1,"Goalkeeper",1e+06,3000,143,72,65,65,71,74,71
"E. Kawashima",35,70,70,2,"Goalkeeper",425000,6000,99,70,65,71,67,74,67
"G. Akkan",23,70,74,4,"Goalkeeper",1700000,6000,113,69,68,68,70,71,70
"R. Riou",30,70,70,1,"Goalkeeper",1100000,7000,137,69,70,72,71,68,71
"B. Leroy",29,70,71,1,"Goalkeeper",1400000,4000,81,71,69,68,69,69,69
"G. Makaridze",28,70,72,2,"Goalkeeper",1500000,4000,105,75,67,56,68,72,68
"M. Michel",26,70,72,2,"Goalkeeper",1500000,4000,85,70,69,66,68,71,68
"Jairo Farnias",30,70,70,2,"Goalkeeper",1100000,10000,122,64,68,69,68,75,68
"P. Pentke",33,70,70,0,"Goalkeeper",9e+05,6000,135,72,65,66,68,72,68
"Victor Fachinhas",34,70,70,2,"Goalkeeper",725000,9000,151,69,73,58,63,74,63
"E. Özbir",28,70,71,3,"Goalkeeper",1400000,7000,91,71,69,66,69,70,69
"D. Keet",28,70,71,NA,"Goalkeeper",0,0,123,72,69,68,67,71,67
"N. Fernández",39,70,70,4,"Goalkeeper",120000,4000,127,64,72,61,78,69,78
"J. Busk",24,70,75,1,"Goalkeeper",1700000,10000,131,73,62,67,66,75,66
"J. Archer",25,70,72,0,"Goalkeeper",1500000,7000,111,72,70,70,70,71,70
"G. Pegolo",37,70,70,4,"Goalkeeper",120000,10000,111,70,68,60,70,70,70
"P. Kieszek",34,70,70,0,"Goalkeeper",725000,5000,127,71,68,67,68,70,68
"Alfonso Herrero",24,70,76,1,"Goalkeeper",1800000,5000,132,69,70,66,67,73,67
"Rubén",34,70,70,2,"Goalkeeper",725000,5000,139,70,66,71,71,72,71
"A. Linde",24,70,75,2,"Goalkeeper",1700000,3000,132,73,66,66,67,74,67
"Santamaría",33,70,70,0,"Goalkeeper",9e+05,10000,125,69,72,65,67,70,67
"A. Seculin",27,70,71,3,"Goalkeeper",1400000,8000,120,73,67,57,63,79,63
"S. McDermott",25,70,75,2,"Goalkeeper",1700000,3000,127,70,67,57,68,73,68
"B. Myhill",35,70,70,0,"Goalkeeper",425000,9000,141,72,70,69,69,68,69
"A. Maksimenko",20,70,83,2,"Goalkeeper",2800000,500,90,71,65,67,70,75,70
"M. Schuhen",25,70,73,0,"Goalkeeper",1600000,4000,142,71,66,67,67,73,67
"G. Larsonneur",21,70,81,3,"Goalkeeper",2400000,3000,102,71,68,69,70,72,70
"P. Bråtveit",22,70,74,3,"Goalkeeper",1700000,3000,127,72,64,72,70,68,70
"N. Leali",25,70,73,NA,"Goalkeeper",1600000,2000,119,72,70,58,64,73,64
"L. García",25,70,75,3,"Goalkeeper",1700000,10000,155,71,71,67,70,70,70
"J. Gillet",39,70,70,1,"Goalkeeper",120000,4000,131,66,72,69,75,69,75
"J. Cuadrado",33,70,70,1,"Goalkeeper",9e+05,3000,149,70,67,73,67,70,67
"R. Rúnarsson",23,70,78,3,"Goalkeeper",2e+06,6000,112,71,68,72,70,71,70
"António Filipe",33,70,70,3,"Goalkeeper",9e+05,5000,139,70,72,65,70,70,70
"F. Ben Mustapha",29,70,71,1,"Goalkeeper",1400000,15000,133,71,69,60,72,70,72
"O. Shevchenko",26,70,72,4,"Goalkeeper",1500000,500,101,69,66,73,71,71,71
"R. Boffin",30,70,70,1,"Goalkeeper",1100000,8000,134,68,65,70,68,74,68
"A. Batalla",22,70,78,NA,"Goalkeeper",2e+06,2000,117,72,64,68,64,75,64
"Daniel Guimarães",31,70,70,1,"Goalkeeper",1100000,6000,114,74,63,60,67,72,67
"C. Coosemans",25,70,73,2,"Goalkeeper",1600000,9000,143,71,64,71,68,73,68
"Javi Varas",35,70,70,0,"Goalkeeper",425000,7000,113,72,66,68,68,73,68
"M. Schubert",20,70,81,0,"Goalkeeper",2400000,6000,107,73,67,59,65,74,65
"Dani Hernández",32,70,70,1,"Goalkeeper",1e+06,5000,138,73,69,60,67,69,67
"D. Rodríguez",29,70,71,NA,"Goalkeeper",1400000,7000,169,71,67,77,66,72,66
"K. Kronholm",32,70,70,2,"Goalkeeper",1e+06,4000,124,74,64,65,64,74,64
"L. Thomas",26,70,71,1,"Goalkeeper",1400000,5000,122,71,67,62,66,73,66
"G. Anestis",27,70,72,1,"Goalkeeper",1400000,3000,94,70,65,68,73,71,73
"G. Banguera",22,70,79,4,"Goalkeeper",2100000,2000,81,70,66,66,69,73,69
"M. Riemann",29,70,70,1,"Goalkeeper",1200000,9000,171,69,64,71,67,74,67
"A. Werner",22,70,77,NA,"Goalkeeper",1800000,4000,140,74,72,75,68,70,68
"L. Castellanos",34,70,70,4,"Goalkeeper",725000,3000,142,70,71,59,69,71,69
"C. Acevedo",22,70,79,2,"Goalkeeper",2100000,8000,85,71,67,69,70,71,70
"A. Domínguez",31,70,70,2,"Goalkeeper",1100000,7000,129,66,67,70,68,72,68
"Helton Leite",27,70,72,2,"Goalkeeper",1400000,4000,75,72,68,68,67,72,67
"M. Caillard",24,70,76,1,"Goalkeeper",1800000,8000,82,69,67,64,68,72,68
"F. Giefer",28,70,71,2,"Goalkeeper",1400000,10000,135,73,64,58,71,72,71
"O. Linnér",21,70,76,1,"Goalkeeper",1800000,3000,137,69,69,67,72,70,72
"D. Petrić",30,70,70,0,"Goalkeeper",1100000,10000,91,71,62,59,71,73,71
"Wang Dalei",29,70,70,2,"Goalkeeper",1200000,9000,153,69,68,76,65,71,65
"A. Micai",24,70,75,4,"Goalkeeper",1700000,2000,105,67,70,64,65,74,65
"B. Khuzwayo",28,70,72,2,"Goalkeeper",1500000,500,116,72,71,73,68,72,68
"S. Clark",32,70,70,0,"Goalkeeper",1e+06,4000,140,71,67,65,67,71,67
"J. Silbeira",22,70,72,NA,"Goalkeeper",0,0,125,71,68,60,68,72,68
"A. Hayashi",31,70,70,1,"Goalkeeper",1100000,5000,133,71,73,63,68,73,68
"I. Provedel",24,70,76,2,"Goalkeeper",1800000,6000,135,71,67,61,69,73,69
"A. Paleari",25,70,72,2,"Goalkeeper",1500000,2000,97,70,70,67,71,72,71
"S. Bain",26,70,74,3,"Goalkeeper",1600000,20000,160,68,69,70,66,74,66
"M. Dupé",25,70,72,2,"Goalkeeper",1500000,10000,122,71,70,61,65,74,65
"Joel Pereira",22,70,77,NA,"Goalkeeper",1800000,6000,123,69,72,68,67,72,67
"Caio Secco",27,70,72,2,"Goalkeeper",1400000,6000,140,67,69,62,71,69,71
"M. Rodák",21,70,77,NA,"Goalkeeper",1800000,9000,110,72,69,72,67,71,67
"M. Samassa",28,70,70,0,"Goalkeeper",1200000,5000,117,71,65,69,67,75,67
"S. Colombi",27,70,70,1,"Goalkeeper",1200000,2000,117,71,67,53,69,76,69
"M. Müller",24,70,75,2,"Goalkeeper",1700000,15000,118,69,68,65,66,73,66
"Yang Han Been",26,70,72,3,"Goalkeeper",1500000,4000,107,72,63,61,69,75,69
"G. Guruceaga",23,70,75,1,"Goalkeeper",1700000,6000,97,77,72,76,64,75,64
"P. Velthuizen",31,69,69,0,"Goalkeeper",650000,6000,146,68,67,71,69,70,69
"J. Chunga",26,69,72,1,"Goalkeeper",925000,2000,107,76,62,69,63,71,63
"D. Ousted",33,69,69,0,"Goalkeeper",525000,4000,127,68,69,66,67,68,67
